Checking "python3" ...
Python 3.12.14
"python3" has been detected
Activating ESP-IDF 5.5
Setting IDF_PATH to '/REDACTED_BUILD_ROOT/esp-idf'.
* Checking python version ... 3.12.14
* Checking python dependencies ... OK
* Deactivating the current ESP-IDF environment (if any) ... OK
* Establishing a new ESP-IDF environment ... OK
* Identifying shell ... bash
* Detecting outdated tools in system ... OK - no outdated tools found
* Shell completion ... Autocompletion code generated

Done! You can now compile ESP-IDF projects.
Go to the project directory and run:

  idf.py build
patching file components/libuv-esp32/src/internal.h
patching file components/libuv-esp32/src/internal.h
patching file components/libuv-esp32/src/internal.h
patching file include/hyperdht/dht.hpp
patching file include/hyperdht/dht.hpp
patching file src/connect.cpp
patching file src/connect.cpp
patching file src/dht.cpp
patching file include/hyperdht/hyperdht.h
patching file src/ffi_stream.cpp
patching file CMakeLists.txt
patching file components/hyperdht/CMakeLists.txt
Hunk #1 succeeded at 83 (offset -1 lines).
patching file components/libudx/CMakeLists.txt
patching file deps/libudx/include/udx.h
patching file deps/libudx/src/udx.c
patching file include/hyperdht/hyperdht.h
patching file include/hyperdht/query.hpp
patching file include/hyperdht/rpc.hpp
patching file include/hyperdht/secret_stream.hpp
patching file src/connect.cpp
patching file src/dht_network.cpp
patching file src/ffi_core.cpp
patching file src/ffi_internal.hpp
patching file src/ffi_stream.cpp
patching file src/holepunch.cpp
patching file src/nat_sampler.cpp
patching file src/query.cpp
patching file src/routing_table.cpp
patching file src/rpc.cpp
patching file src/rpc_handlers.cpp
patching file src/secret_stream.cpp
patching file targets/esp32/jshardware.c
patching file targets/esp32/jshardwareAnalog.c
patching file targets/esp32/jshardwarePWM.c
patching file targets/esp32/jshardwareSpi.h
patching file targets/esp32/jswrap_esp32.c
patching file targets/esp32/main.c
patching file targets/esp32/rtosutil.c
patching file targets/esp32/rtosutil.h
patching file libs/network/esp32/jswrap_esp32_network.c
Configured ESP32C6_HYPERDHT (4MB flash, no PSRAM; hardware validation required)
MAKE CMAKEFILE
INCLUDE_WITHOUT_GEN: -I/REDACTED_BUILD_ROOT/espruino-hyperdht/deps/espruino -I/REDACTED_BUILD_ROOT/espruino-hyperdht/deps/espruino/targets -I/REDACTED_BUILD_ROOT/espruino-hyperdht/deps/espruino/src  -I/REDACTED_BUILD_ROOT/espruino-hyperdht/deps/espruino/libs/hyperdht -I/REDACTED_BUILD_ROOT/espruino-hyperdht/deps/espruino/libs/compression -I/REDACTED_BUILD_ROOT/espruino-hyperdht/deps/espruino/libs/compression/heatshrink -I/REDACTED_BUILD_ROOT/espruino-hyperdht/deps/espruino/libs/network -I/REDACTED_BUILD_ROOT/espruino-hyperdht/deps/espruino/libs/network -I/REDACTED_BUILD_ROOT/espruino-hyperdht/deps/espruino/libs/network/http -I/REDACTED_BUILD_ROOT/espruino-hyperdht/deps/espruino/libs/network/js -I/REDACTED_BUILD_ROOT/espruino-hyperdht/deps/espruino/libs/network/esp32 -I/REDACTED_BUILD_ROOT/espruino-hyperdht/deps/espruino/targets/esp32 -I/REDACTED_BUILD_ROOT/espruino-hyperdht/deps/espruino/gen
================================== Generating platform configs
================================== Generating pin info
================================== Generating pin info
================================== Generating JS wrappers
WRAPPERSOURCES = libs/hyperdht/jswrap_hyperdht.c src/jswrap_array.c src/jswrap_arraybuffer.c src/jswrap_dataview.c src/jswrap_date.c src/jswrap_error.c src/jswrap_functions.c src/jswrap_json.c src/jswrap_number.c src/jswrap_object.c src/jswrap_regexp.c src/jswrap_timer.c src/jswrap_string.c src/jswrap_modules.c src/jswrap_math.c src/jswrap_espruino.c src/jswrap_flash.c src/jswrap_interactive.c src/jswrap_io.c src/jswrap_pin.c src/jswrap_pipe.c src/jswrap_process.c src/jswrap_onewire.c src/jswrap_promise.c src/jswrap_serial.c src/jswrap_storage.c src/jswrap_spi_i2c.c src/jswrap_stepper.c src/jswrap_stream.c src/jswrap_waveform.c libs/compression/jswrap_heatshrink.c libs/network/jswrap_net.c libs/network/http/jswrap_http.c libs/network/js/jswrap_jsnetwork.c libs/network/jswrap_wifi.c libs/network/esp32/jswrap_esp32_network.c targets/esp32/jswrap_esp32.c
DEFINES = -DGIT_COMMIT=eefdbe8 -DNO_ASSERT -DRELEASE -DESP32C6_HYPERDHT -DESP_PLATFORM -DESP32=1 -DJSVAR_MALLOC -DUSE_FONT_6X8 -DESPR_USE_USB_SERIAL_JTAG -DUSB -DESP_STACK_SIZE=16384 -DESP_HEAP_SIZE=131072 -DHYPERDHT_EMBEDDED=1 -DHYPERDHT_SMALL_CLIENT=1 -DUSE_DEBUGGER -DUSE_TAB_COMPLETE -DUSE_HEATSHRINK -DUSE_NET -DUSE_NETWORK_JS -DUSE_ESP32 -DESP32 -DESPR_DEFINES_ON_COMMANDLINE -DEMBEDDED
##@cp /REDACTED_BUILD_ROOT/espruino-hyperdht/deps/espruino/targets/esp32/IDF5/sdkconfig.defaults.esp32c6 bin
# Only add mdns dependency if missing
Executing action: add-dependency
NOTICE: Created "/REDACTED_BUILD_ROOT/espruino-hyperdht/deps/espruino/bin/main/idf_component.yml"
/REDACTED_BUILD_ROOT/idf-tools/python_env/idf5.5_py3.12_env/lib/python3.12/site-packages/pydantic/main.py:475: UserWarning: Pydantic serializer warnings:
  PydanticSerializationUnexpectedValue(Defaulting to left to right union serialization - failed to get discriminator value for tagged union serialization [input_value=DependencyItem(version='>...=None, pre_release=None), input_type=DependencyItem])
  return self.__pydantic_serializer__.to_python(
NOTICE: Successfully added dependency "espressif/mdns": "^1.11.0" to component "main"
NOTICE: If you want to make additional changes to the manifest file at path /REDACTED_BUILD_ROOT/espruino-hyperdht/deps/espruino/bin/main/idf_component.yml manually, please refer to the documentation: https://docs.espressif.com/projects/idf-component-manager/en/latest/reference/manifest_file.html
Done
cd bin && idf.py build
Executing action: all (aliases: build)
Running cmake in directory /REDACTED_BUILD_ROOT/espruino-hyperdht/deps/espruino/bin/build
Executing "cmake -G Ninja -DPYTHON_DEPS_CHECKED=1 -DPYTHON=/REDACTED_BUILD_ROOT/idf-tools/python_env/idf5.5_py3.12_env/bin/python -DESP_PLATFORM=1 -DCCACHE_ENABLE=0 /REDACTED_BUILD_ROOT/espruino-hyperdht/deps/espruino/bin"...
-- Found Git: /usr/local/bin/git (found version "2.51.1")
-- Minimal build - ON
-- The C compiler identification is GNU 14.2.0
-- The CXX compiler identification is GNU 14.2.0
-- The ASM compiler identification is GNU
-- Found assembler: /REDACTED_BUILD_ROOT/idf-tools/tools/riscv32-esp-elf/esp-14.2.0_20241119/riscv32-esp-elf/bin/riscv32-esp-elf-gcc
-- Detecting C compiler ABI info
-- Detecting C compiler ABI info - done
-- Check for working C compiler: /REDACTED_BUILD_ROOT/idf-tools/tools/riscv32-esp-elf/esp-14.2.0_20241119/riscv32-esp-elf/bin/riscv32-esp-elf-gcc - skipped
-- Detecting C compile features
-- Detecting C compile features - done
-- Detecting CXX compiler ABI info
-- Detecting CXX compiler ABI info - done
-- Check for working CXX compiler: /REDACTED_BUILD_ROOT/idf-tools/tools/riscv32-esp-elf/esp-14.2.0_20241119/riscv32-esp-elf/bin/riscv32-esp-elf-g++ - skipped
-- Detecting CXX compile features
-- Detecting CXX compile features - done
-- Building ESP-IDF components for target esp32c6
NOTICE: Dependencies lock doesn't exist, solving dependencies.
.....NOTICE: Updating lock file at /REDACTED_BUILD_ROOT/espruino-hyperdht/deps/espruino/bin/dependencies.lock
NOTICE: Processing 3 dependencies:
NOTICE: [1/3] espressif/libsodium (1.0.20)
NOTICE: [2/3] espressif/mdns (1.13.1)
NOTICE: [3/3] idf (5.5.0)
-- Project sdkconfig file /REDACTED_BUILD_ROOT/espruino-hyperdht/deps/espruino/bin/sdkconfig
info: Choice COMPILER_OPTIMIZATION has multiple active selections. The last one will be used: COMPILER_OPTIMIZATION_SIZE .
Loading defaults file /REDACTED_BUILD_ROOT/espruino-hyperdht/deps/espruino/bin/sdkconfig.defaults...
/REDACTED_BUILD_ROOT/espruino-hyperdht/deps/espruino/bin/sdkconfig.defaults:21 CONFIG_TASK_WDT was replaced with CONFIG_ESP_TASK_WDT_INIT 
warning: unknown kconfig symbol 'SPIRAM' assigned to 'n' in /REDACTED_BUILD_ROOT/espruino-hyperdht/deps/espruino/bin/sdkconfig.defaults
-- Adding linker script /REDACTED_BUILD_ROOT/esp-idf/components/riscv/ld/rom.api.ld
-- Found Python3: /REDACTED_BUILD_ROOT/idf-tools/python_env/idf5.5_py3.12_env/bin/python (found version "3.12.14") found components: Interpreter
-- Performing Test CMAKE_HAVE_LIBC_PTHREAD
-- Performing Test CMAKE_HAVE_LIBC_PTHREAD - Success
-- Found Threads: TRUE
-- Performing Test C_COMPILER_SUPPORTS_WFORMAT_SIGNEDNESS
-- Performing Test C_COMPILER_SUPPORTS_WFORMAT_SIGNEDNESS - Success
-- USING O3
-- App "espruino" version: eefdbe8
-- Adding linker script /REDACTED_BUILD_ROOT/espruino-hyperdht/deps/espruino/bin/build/esp-idf/esp_system/ld/memory.ld
-- Adding linker script /REDACTED_BUILD_ROOT/espruino-hyperdht/deps/espruino/bin/build/esp-idf/esp_system/ld/sections.ld.in
-- Adding linker script /REDACTED_BUILD_ROOT/esp-idf/components/esp_rom/esp32c6/ld/esp32c6.rom.ld
-- Adding linker script /REDACTED_BUILD_ROOT/esp-idf/components/esp_rom/esp32c6/ld/esp32c6.rom.api.ld
-- Adding linker script /REDACTED_BUILD_ROOT/esp-idf/components/esp_rom/esp32c6/ld/esp32c6.rom.rvfp.ld
-- Adding linker script /REDACTED_BUILD_ROOT/esp-idf/components/esp_rom/esp32c6/ld/esp32c6.rom.wdt.ld
-- Adding linker script /REDACTED_BUILD_ROOT/esp-idf/components/esp_rom/esp32c6/ld/esp32c6.rom.systimer.ld
-- Adding linker script /REDACTED_BUILD_ROOT/esp-idf/components/esp_rom/esp32c6/ld/esp32c6.rom.version.ld
-- Adding linker script /REDACTED_BUILD_ROOT/esp-idf/components/esp_rom/esp32c6/ld/esp32c6.rom.phy.ld
-- Adding linker script /REDACTED_BUILD_ROOT/esp-idf/components/esp_rom/esp32c6/ld/esp32c6.rom.coexist.ld
-- Adding linker script /REDACTED_BUILD_ROOT/esp-idf/components/esp_rom/esp32c6/ld/esp32c6.rom.net80211.ld
-- Adding linker script /REDACTED_BUILD_ROOT/esp-idf/components/esp_rom/esp32c6/ld/esp32c6.rom.pp.ld
-- Adding linker script /REDACTED_BUILD_ROOT/esp-idf/components/esp_rom/esp32c6/ld/esp32c6.rom.libc.ld
-- Adding linker script /REDACTED_BUILD_ROOT/esp-idf/components/esp_rom/esp32c6/ld/esp32c6.rom.libc-suboptimal_for_misaligned_mem.ld
-- Adding linker script /REDACTED_BUILD_ROOT/esp-idf/components/esp_rom/esp32c6/ld/esp32c6.rom.newlib.ld
-- Adding linker script /REDACTED_BUILD_ROOT/esp-idf/components/esp_rom/esp32c6/ld/esp32c6.rom.newlib-normal.ld
-- Adding linker script /REDACTED_BUILD_ROOT/esp-idf/components/esp_rom/esp32c6/ld/esp32c6.rom.heap.ld
-- Adding linker script /REDACTED_BUILD_ROOT/esp-idf/components/soc/esp32c6/ld/esp32c6.peripherals.ld
-- Components: app_update bootloader bootloader_support bt console cxx driver efuse esp_adc esp_app_format esp_bootloader_format esp_coex esp_common esp_driver_ana_cmpr esp_driver_bitscrambler esp_driver_dac esp_driver_gpio esp_driver_gptimer esp_driver_i2c esp_driver_i2s esp_driver_ledc esp_driver_mcpwm esp_driver_parlio esp_driver_pcnt esp_driver_rmt esp_driver_sdio esp_driver_sdm esp_driver_sdmmc esp_driver_sdspi esp_driver_spi esp_driver_tsens esp_driver_twai esp_driver_uart esp_driver_usb_serial_jtag esp_event esp_gdbstub esp_hw_support esp_mm esp_netif esp_netif_stack esp_partition esp_phy esp_pm esp_ringbuf esp_rom esp_security esp_system esp_timer esp_vfs_console esp_wifi espressif__libsodium espressif__mdns esptool_py freertos hal heap hyperdht libudx libuv-esp32 log lwip main mbedtls newlib nvs_flash partition_table pthread riscv sdmmc soc spi_flash vfs wpa_supplicant
-- Component paths: /REDACTED_BUILD_ROOT/esp-idf/components/app_update /REDACTED_BUILD_ROOT/esp-idf/components/bootloader /REDACTED_BUILD_ROOT/esp-idf/components/bootloader_support /REDACTED_BUILD_ROOT/esp-idf/components/bt /REDACTED_BUILD_ROOT/esp-idf/components/console /REDACTED_BUILD_ROOT/esp-idf/components/cxx /REDACTED_BUILD_ROOT/esp-idf/components/driver /REDACTED_BUILD_ROOT/esp-idf/components/efuse /REDACTED_BUILD_ROOT/esp-idf/components/esp_adc /REDACTED_BUILD_ROOT/esp-idf/components/esp_app_format /REDACTED_BUILD_ROOT/esp-idf/components/esp_bootloader_format /REDACTED_BUILD_ROOT/esp-idf/components/esp_coex /REDACTED_BUILD_ROOT/esp-idf/components/esp_common /REDACTED_BUILD_ROOT/esp-idf/components/esp_driver_ana_cmpr /REDACTED_BUILD_ROOT/esp-idf/components/esp_driver_bitscrambler /REDACTED_BUILD_ROOT/esp-idf/components/esp_driver_dac /REDACTED_BUILD_ROOT/esp-idf/components/esp_driver_gpio /REDACTED_BUILD_ROOT/esp-idf/components/esp_driver_gptimer /REDACTED_BUILD_ROOT/esp-idf/components/esp_driver_i2c /REDACTED_BUILD_ROOT/esp-idf/components/esp_driver_i2s /REDACTED_BUILD_ROOT/esp-idf/components/esp_driver_ledc /REDACTED_BUILD_ROOT/esp-idf/components/esp_driver_mcpwm /REDACTED_BUILD_ROOT/esp-idf/components/esp_driver_parlio /REDACTED_BUILD_ROOT/esp-idf/components/esp_driver_pcnt /REDACTED_BUILD_ROOT/esp-idf/components/esp_driver_rmt /REDACTED_BUILD_ROOT/esp-idf/components/esp_driver_sdio /REDACTED_BUILD_ROOT/esp-idf/components/esp_driver_sdm /REDACTED_BUILD_ROOT/esp-idf/components/esp_driver_sdmmc /REDACTED_BUILD_ROOT/esp-idf/components/esp_driver_sdspi /REDACTED_BUILD_ROOT/esp-idf/components/esp_driver_spi /REDACTED_BUILD_ROOT/esp-idf/components/esp_driver_tsens /REDACTED_BUILD_ROOT/esp-idf/components/esp_driver_twai /REDACTED_BUILD_ROOT/esp-idf/components/esp_driver_uart /REDACTED_BUILD_ROOT/esp-idf/components/esp_driver_usb_serial_jtag /REDACTED_BUILD_ROOT/esp-idf/components/esp_event /REDACTED_BUILD_ROOT/esp-idf/components/esp_gdbstub /REDACTED_BUILD_ROOT/esp-idf/components/esp_hw_support /REDACTED_BUILD_ROOT/esp-idf/components/esp_mm /REDACTED_BUILD_ROOT/esp-idf/components/esp_netif /REDACTED_BUILD_ROOT/esp-idf/components/esp_netif_stack /REDACTED_BUILD_ROOT/esp-idf/components/esp_partition /REDACTED_BUILD_ROOT/esp-idf/components/esp_phy /REDACTED_BUILD_ROOT/esp-idf/components/esp_pm /REDACTED_BUILD_ROOT/esp-idf/components/esp_ringbuf /REDACTED_BUILD_ROOT/esp-idf/components/esp_rom /REDACTED_BUILD_ROOT/esp-idf/components/esp_security /REDACTED_BUILD_ROOT/esp-idf/components/esp_system /REDACTED_BUILD_ROOT/esp-idf/components/esp_timer /REDACTED_BUILD_ROOT/esp-idf/components/esp_vfs_console /REDACTED_BUILD_ROOT/esp-idf/components/esp_wifi /REDACTED_BUILD_ROOT/espruino-hyperdht/deps/espruino/bin/managed_components/espressif__libsodium /REDACTED_BUILD_ROOT/espruino-hyperdht/deps/espruino/bin/managed_components/espressif__mdns /REDACTED_BUILD_ROOT/esp-idf/components/esptool_py /REDACTED_BUILD_ROOT/esp-idf/components/freertos /REDACTED_BUILD_ROOT/esp-idf/components/hal /REDACTED_BUILD_ROOT/esp-idf/components/heap /REDACTED_BUILD_ROOT/espruino-hyperdht/deps/hyperdht/components/hyperdht /REDACTED_BUILD_ROOT/espruino-hyperdht/deps/hyperdht/components/libudx /REDACTED_BUILD_ROOT/espruino-hyperdht/deps/hyperdht/components/libuv-esp32 /REDACTED_BUILD_ROOT/esp-idf/components/log /REDACTED_BUILD_ROOT/esp-idf/components/lwip /REDACTED_BUILD_ROOT/espruino-hyperdht/deps/espruino/bin/main /REDACTED_BUILD_ROOT/esp-idf/components/mbedtls /REDACTED_BUILD_ROOT/esp-idf/components/newlib /REDACTED_BUILD_ROOT/esp-idf/components/nvs_flash /REDACTED_BUILD_ROOT/esp-idf/components/partition_table /REDACTED_BUILD_ROOT/esp-idf/components/pthread /REDACTED_BUILD_ROOT/esp-idf/components/riscv /REDACTED_BUILD_ROOT/esp-idf/components/sdmmc /REDACTED_BUILD_ROOT/esp-idf/components/soc /REDACTED_BUILD_ROOT/esp-idf/components/spi_flash /REDACTED_BUILD_ROOT/esp-idf/components/vfs /REDACTED_BUILD_ROOT/esp-idf/components/wpa_supplicant
-- Configuring done (25.6s)
-- Generating done (0.8s)
-- Build files have been written to: /REDACTED_BUILD_ROOT/espruino-hyperdht/deps/espruino/bin/build
Running ninja in directory /REDACTED_BUILD_ROOT/espruino-hyperdht/deps/espruino/bin/build
Executing "ninja all"...
[1/1147] Generating project_elf_src_esp32c6.c
[2/1147] Generating /REDACTED_BUILD_ROOT/espruino-hyperdht/deps/espruino/bin/build/esp-idf/esp_system/ld/memory.ld linker script...
[3/1147] Generating /REDACTED_BUILD_ROOT/espruino-hyperdht/deps/espruino/bin/build/esp-idf/esp_system/ld/sections.ld.in linker script...
[4/1147] Building C object esp-idf/mbedtls/mbedtls/3rdparty/everest/CMakeFiles/everest.dir/library/everest.c.obj
[5/1147] Building C object esp-idf/mbedtls/mbedtls/3rdparty/everest/CMakeFiles/everest.dir/library/Hacl_Curve25519_joined.c.obj
[6/1147] Building C object esp-idf/mbedtls/mbedtls/3rdparty/everest/CMakeFiles/everest.dir/library/x25519.c.obj
[7/1147] Building C object esp-idf/mbedtls/mbedtls/library/CMakeFiles/mbedcrypto.dir/aesni.c.obj
[8/1147] Building C object esp-idf/mbedtls/mbedtls/3rdparty/p256-m/CMakeFiles/p256m.dir/p256-m/p256-m.c.obj
[9/1147] Building C object esp-idf/mbedtls/mbedtls/3rdparty/p256-m/CMakeFiles/p256m.dir/p256-m_driver_entrypoints.c.obj
[10/1147] Building C object esp-idf/mbedtls/mbedtls/library/CMakeFiles/mbedcrypto.dir/aesce.c.obj
[11/1147] Generating ../../partition_table/partition-table.bin
Partition table binary generated. Contents:
*******************************************************************************
# ESP-IDF Partition Table
# Name, Type, SubType, Offset, Size, Flags
nvs,data,nvs,0x9000,24K,
phy_init,data,phy,0xf000,4K,
factory,app,factory,0x10000,3M,
flash,data,64,0x310000,64K,
storage,data,undefined,0x320000,896K,
*******************************************************************************
[12/1147] Building C object esp-idf/mbedtls/mbedtls/library/CMakeFiles/mbedcrypto.dir/aes.c.obj
[13/1147] Building C object esp-idf/mbedtls/mbedtls/library/CMakeFiles/mbedcrypto.dir/block_cipher.c.obj
[14/1147] Building C object esp-idf/mbedtls/mbedtls/library/CMakeFiles/mbedcrypto.dir/bignum_mod.c.obj
[15/1147] Building C object esp-idf/mbedtls/mbedtls/library/CMakeFiles/mbedcrypto.dir/camellia.c.obj
[16/1147] Building C object esp-idf/mbedtls/mbedtls/library/CMakeFiles/mbedcrypto.dir/bignum_mod_raw.c.obj
[17/1147] Building C object esp-idf/mbedtls/mbedtls/library/CMakeFiles/mbedcrypto.dir/asn1parse.c.obj
[18/1147] Building C object esp-idf/mbedtls/mbedtls/library/CMakeFiles/mbedcrypto.dir/base64.c.obj
[19/1147] Building C object esp-idf/mbedtls/mbedtls/library/CMakeFiles/mbedcrypto.dir/chachapoly.c.obj
[20/1147] Building C object esp-idf/mbedtls/mbedtls/library/CMakeFiles/mbedcrypto.dir/asn1write.c.obj
[21/1147] Building C object esp-idf/mbedtls/mbedtls/library/CMakeFiles/mbedcrypto.dir/aria.c.obj
[22/1147] Building C object esp-idf/mbedtls/mbedtls/library/CMakeFiles/mbedcrypto.dir/chacha20.c.obj
[23/1147] Building C object esp-idf/mbedtls/mbedtls/library/CMakeFiles/mbedcrypto.dir/des.c.obj
[24/1147] Building C object esp-idf/mbedtls/mbedtls/library/CMakeFiles/mbedcrypto.dir/constant_time.c.obj
[25/1147] Building C object esp-idf/mbedtls/mbedtls/library/CMakeFiles/mbedcrypto.dir/ccm.c.obj
[26/1147] Building C object esp-idf/mbedtls/mbedtls/library/CMakeFiles/mbedcrypto.dir/cipher_wrap.c.obj
[27/1147] Building C object esp-idf/mbedtls/mbedtls/library/CMakeFiles/mbedcrypto.dir/dhm.c.obj
[28/1147] Building C object esp-idf/mbedtls/mbedtls/library/CMakeFiles/mbedcrypto.dir/ecjpake.c.obj
[29/1147] Building C object esp-idf/mbedtls/mbedtls/library/CMakeFiles/mbedcrypto.dir/cmac.c.obj
[30/1147] Building C object esp-idf/mbedtls/mbedtls/library/CMakeFiles/mbedcrypto.dir/bignum_core.c.obj
[31/1147] Building C object esp-idf/mbedtls/mbedtls/library/CMakeFiles/mbedcrypto.dir/ecdh.c.obj
[32/1147] Building C object esp-idf/mbedtls/mbedtls/library/CMakeFiles/mbedcrypto.dir/cipher.c.obj
[33/1147] Building C object esp-idf/mbedtls/mbedtls/library/CMakeFiles/mbedcrypto.dir/ecp_curves_new.c.obj
[34/1147] Building C object esp-idf/mbedtls/mbedtls/library/CMakeFiles/mbedcrypto.dir/ecdsa.c.obj
[35/1147] Building C object esp-idf/mbedtls/mbedtls/library/CMakeFiles/mbedcrypto.dir/ctr_drbg.c.obj
[36/1147] Building C object esp-idf/mbedtls/mbedtls/library/CMakeFiles/mbedcrypto.dir/entropy_poll.c.obj
[37/1147] Building C object esp-idf/mbedtls/mbedtls/library/CMakeFiles/mbedcrypto.dir/hkdf.c.obj
[38/1147] Building C object esp-idf/mbedtls/mbedtls/library/CMakeFiles/mbedcrypto.dir/entropy.c.obj
[39/1147] Building C object esp-idf/mbedtls/mbedtls/library/CMakeFiles/mbedcrypto.dir/lms.c.obj
[40/1147] Building C object esp-idf/mbedtls/mbedtls/library/CMakeFiles/mbedcrypto.dir/md5.c.obj
[41/1147] Building C object esp-idf/mbedtls/mbedtls/library/CMakeFiles/mbedcrypto.dir/nist_kw.c.obj
[42/1147] Building C object esp-idf/mbedtls/mbedtls/library/CMakeFiles/mbedcrypto.dir/memory_buffer_alloc.c.obj
[43/1147] Building C object esp-idf/mbedtls/mbedtls/library/CMakeFiles/mbedcrypto.dir/lmots.c.obj
[44/1147] Building C object esp-idf/mbedtls/mbedtls/library/CMakeFiles/mbedcrypto.dir/hmac_drbg.c.obj
[45/1147] Building C object esp-idf/mbedtls/mbedtls/library/CMakeFiles/mbedcrypto.dir/bignum.c.obj
[46/1147] Building C object esp-idf/mbedtls/mbedtls/library/CMakeFiles/mbedcrypto.dir/gcm.c.obj
[47/1147] Building C object esp-idf/mbedtls/mbedtls/library/CMakeFiles/mbedcrypto.dir/md.c.obj
[48/1147] Building C object esp-idf/mbedtls/mbedtls/library/CMakeFiles/mbedcrypto.dir/ecp_curves.c.obj
[49/1147] Building C object esp-idf/mbedtls/mbedtls/library/CMakeFiles/mbedcrypto.dir/error.c.obj
[50/1147] Building C object esp-idf/mbedtls/mbedtls/library/CMakeFiles/mbedcrypto.dir/padlock.c.obj
[51/1147] Building C object esp-idf/mbedtls/mbedtls/library/CMakeFiles/mbedcrypto.dir/pk_ecc.c.obj
[52/1147] Building C object esp-idf/mbedtls/mbedtls/library/CMakeFiles/mbedcrypto.dir/pem.c.obj
[53/1147] Building C object esp-idf/mbedtls/mbedtls/library/CMakeFiles/mbedcrypto.dir/oid.c.obj
[54/1147] Building C object esp-idf/mbedtls/mbedtls/library/CMakeFiles/mbedcrypto.dir/poly1305.c.obj
[55/1147] Building C object esp-idf/mbedtls/mbedtls/library/CMakeFiles/mbedcrypto.dir/platform_util.c.obj
[56/1147] Building C object esp-idf/mbedtls/mbedtls/library/CMakeFiles/mbedcrypto.dir/pkcs5.c.obj
[57/1147] Building C object esp-idf/mbedtls/mbedtls/library/CMakeFiles/mbedcrypto.dir/pkcs12.c.obj
[58/1147] Building C object esp-idf/mbedtls/mbedtls/library/CMakeFiles/mbedcrypto.dir/platform.c.obj
[59/1147] Building C object esp-idf/mbedtls/mbedtls/library/CMakeFiles/mbedcrypto.dir/pk_wrap.c.obj
[60/1147] Building C object esp-idf/mbedtls/mbedtls/library/CMakeFiles/mbedcrypto.dir/ecp.c.obj
[61/1147] Building C object esp-idf/mbedtls/mbedtls/library/CMakeFiles/mbedcrypto.dir/psa_crypto_client.c.obj
[62/1147] Building C object esp-idf/mbedtls/mbedtls/library/CMakeFiles/mbedcrypto.dir/pk.c.obj
[63/1147] Building C object esp-idf/mbedtls/mbedtls/library/CMakeFiles/mbedcrypto.dir/psa_crypto_driver_wrappers_no_static.c.obj
[64/1147] Building C object esp-idf/mbedtls/mbedtls/library/CMakeFiles/mbedcrypto.dir/psa_crypto_aead.c.obj
[65/1147] Building C object esp-idf/mbedtls/mbedtls/library/CMakeFiles/mbedcrypto.dir/pkparse.c.obj
[66/1147] Building C object esp-idf/mbedtls/mbedtls/library/CMakeFiles/mbedcrypto.dir/pkwrite.c.obj
[67/1147] Building C object esp-idf/mbedtls/mbedtls/library/CMakeFiles/mbedcrypto.dir/psa_crypto_se.c.obj
[68/1147] Building C object esp-idf/mbedtls/mbedtls/library/CMakeFiles/mbedcrypto.dir/psa_crypto_ffdh.c.obj
[69/1147] Building C object esp-idf/mbedtls/mbedtls/library/CMakeFiles/mbedcrypto.dir/psa_crypto_mac.c.obj
[70/1147] Building C object esp-idf/mbedtls/mbedtls/library/CMakeFiles/mbedcrypto.dir/psa_crypto_pake.c.obj
[71/1147] Building C object esp-idf/mbedtls/mbedtls/library/CMakeFiles/mbedcrypto.dir/psa_crypto_hash.c.obj
[72/1147] Building C object esp-idf/mbedtls/mbedtls/library/CMakeFiles/mbedcrypto.dir/psa_crypto_cipher.c.obj
[73/1147] Building C object esp-idf/mbedtls/mbedtls/library/CMakeFiles/mbedcrypto.dir/psa_crypto_ecp.c.obj
[74/1147] Building C object esp-idf/mbedtls/mbedtls/library/CMakeFiles/mbedcrypto.dir/psa_its_file.c.obj
[75/1147] Building C object esp-idf/mbedtls/mbedtls/library/CMakeFiles/mbedcrypto.dir/ripemd160.c.obj
[76/1147] Building C object esp-idf/mbedtls/mbedtls/library/CMakeFiles/mbedcrypto.dir/psa_crypto_rsa.c.obj
[77/1147] Building C object esp-idf/mbedtls/mbedtls/library/CMakeFiles/mbedcrypto.dir/psa_crypto_storage.c.obj
[78/1147] Building C object esp-idf/mbedtls/mbedtls/library/CMakeFiles/mbedcrypto.dir/sha1.c.obj
[79/1147] Building C object esp-idf/mbedtls/mbedtls/library/CMakeFiles/mbedcrypto.dir/threading.c.obj
[80/1147] Building C object esp-idf/mbedtls/mbedtls/library/CMakeFiles/mbedcrypto.dir/timing.c.obj
[81/1147] Building C object esp-idf/mbedtls/mbedtls/library/CMakeFiles/mbedcrypto.dir/sha3.c.obj
[82/1147] Building C object esp-idf/mbedtls/mbedtls/library/CMakeFiles/mbedcrypto.dir/sha256.c.obj
[83/1147] Building C object esp-idf/mbedtls/mbedtls/library/CMakeFiles/mbedcrypto.dir/rsa_alt_helpers.c.obj
[84/1147] Building C object esp-idf/mbedtls/mbedtls/library/CMakeFiles/mbedcrypto.dir/version.c.obj
[85/1147] Building C object esp-idf/mbedtls/mbedtls/library/CMakeFiles/mbedcrypto.dir/psa_crypto_slot_management.c.obj
[86/1147] Building C object esp-idf/mbedtls/mbedtls/library/CMakeFiles/mbedcrypto.dir/version_features.c.obj
[87/1147] Building C object esp-idf/mbedtls/mbedtls/library/CMakeFiles/mbedcrypto.dir/REDACTED_BUILD_ROOT/esp-idf/components/mbedtls/port/sha/core/esp_sha_gdma_impl.c.obj
[88/1147] Building C object esp-idf/mbedtls/mbedtls/library/CMakeFiles/mbedcrypto.dir/psa_util.c.obj
[89/1147] Building C object esp-idf/mbedtls/mbedtls/library/CMakeFiles/mbedcrypto.dir/REDACTED_BUILD_ROOT/esp-idf/components/mbedtls/port/esp_hardware.c.obj
[90/1147] Building C object esp-idf/mbedtls/mbedtls/library/CMakeFiles/mbedcrypto.dir/sha512.c.obj
[91/1147] Building C object esp-idf/mbedtls/mbedtls/library/CMakeFiles/mbedcrypto.dir/REDACTED_BUILD_ROOT/esp-idf/components/mbedtls/port/aes/dma/esp_aes_gdma_impl.c.obj
[92/1147] Building C object esp-idf/mbedtls/mbedtls/library/CMakeFiles/mbedcrypto.dir/REDACTED_BUILD_ROOT/esp-idf/components/mbedtls/port/esp_mem.c.obj
[93/1147] Building C object esp-idf/mbedtls/mbedtls/library/CMakeFiles/mbedcrypto.dir/REDACTED_BUILD_ROOT/esp-idf/components/mbedtls/port/esp_timing.c.obj
[94/1147] Building C object esp-idf/mbedtls/mbedtls/library/CMakeFiles/mbedcrypto.dir/REDACTED_BUILD_ROOT/esp-idf/components/mbedtls/port/aes/dma/esp_aes_dma_core.c.obj
[95/1147] Building C object esp-idf/mbedtls/mbedtls/library/CMakeFiles/mbedcrypto.dir/REDACTED_BUILD_ROOT/esp-idf/components/mbedtls/port/aes/esp_aes_common.c.obj
[96/1147] Building C object esp-idf/mbedtls/mbedtls/library/CMakeFiles/mbedcrypto.dir/REDACTED_BUILD_ROOT/esp-idf/components/mbedtls/port/aes/esp_aes_xts.c.obj
[97/1147] Building C object esp-idf/mbedtls/mbedtls/library/CMakeFiles/mbedcrypto.dir/REDACTED_BUILD_ROOT/esp-idf/components/mbedtls/port/crypto_shared_gdma/esp_crypto_shared_gdma.c.obj
[98/1147] Building C object esp-idf/mbedtls/mbedtls/library/CMakeFiles/mbedcrypto.dir/REDACTED_BUILD_ROOT/esp-idf/components/mbedtls/port/sha/core/esp_sha512.c.obj
[99/1147] Building C object esp-idf/mbedtls/mbedtls/library/CMakeFiles/mbedcrypto.dir/REDACTED_BUILD_ROOT/esp-idf/components/mbedtls/port/sha/esp_sha.c.obj
[100/1147] Building C object esp-idf/mbedtls/mbedtls/library/CMakeFiles/mbedcrypto.dir/REDACTED_BUILD_ROOT/esp-idf/components/mbedtls/port/bignum/bignum_alt.c.obj
[101/1147] Building C object esp-idf/mbedtls/mbedtls/library/CMakeFiles/mbedcrypto.dir/REDACTED_BUILD_ROOT/esp-idf/components/mbedtls/port/aes/dma/esp_aes.c.obj
[102/1147] Building C object esp-idf/mbedtls/mbedtls/library/CMakeFiles/mbedcrypto.dir/REDACTED_BUILD_ROOT/esp-idf/components/mbedtls/port/sha/core/esp_sha256.c.obj
[103/1147] Building C object esp-idf/mbedtls/mbedtls/library/CMakeFiles/mbedcrypto.dir/REDACTED_BUILD_ROOT/esp-idf/components/mbedtls/port/bignum/esp_bignum.c.obj
[104/1147] Building C object esp-idf/mbedtls/mbedtls/library/CMakeFiles/mbedcrypto.dir/REDACTED_BUILD_ROOT/esp-idf/components/mbedtls/port/sha/core/esp_sha1.c.obj
[105/1147] Building C object esp-idf/mbedtls/mbedtls/library/CMakeFiles/mbedcrypto.dir/REDACTED_BUILD_ROOT/esp-idf/components/mbedtls/port/sha/core/sha.c.obj
[106/1147] Building C object esp-idf/mbedtls/mbedtls/library/CMakeFiles/mbedcrypto.dir/REDACTED_BUILD_ROOT/esp-idf/components/mbedtls/port/ecc/ecc_alt.c.obj
[107/1147] Building C object esp-idf/mbedtls/mbedtls/library/CMakeFiles/mbedcrypto.dir/REDACTED_BUILD_ROOT/esp-idf/components/mbedtls/port/md/esp_md.c.obj
[108/1147] Building C object esp-idf/mbedtls/mbedtls/library/CMakeFiles/mbedcrypto.dir/REDACTED_BUILD_ROOT/esp-idf/components/mbedtls/port/ecc/esp_ecc.c.obj
[109/1147] Building C object esp-idf/mbedtls/mbedtls/library/CMakeFiles/mbedcrypto.dir/rsa.c.obj
[110/1147] Building C object esp-idf/mbedtls/mbedtls/library/CMakeFiles/mbedx509.dir/x509_create.c.obj
[111/1147] Building C object esp-idf/mbedtls/mbedtls/library/CMakeFiles/mbedcrypto.dir/REDACTED_BUILD_ROOT/esp-idf/components/mbedtls/port/aes/esp_aes_gcm.c.obj
[112/1147] Building C object esp-idf/mbedtls/mbedtls/library/CMakeFiles/mbedx509.dir/x509_crl.c.obj
[113/1147] Building C object esp-idf/mbedtls/mbedtls/library/CMakeFiles/mbedx509.dir/x509_csr.c.obj
[114/1147] Building C object esp-idf/mbedtls/mbedtls/library/CMakeFiles/mbedtls.dir/debug.c.obj
[115/1147] Building C object esp-idf/mbedtls/mbedtls/library/CMakeFiles/mbedtls.dir/mps_trace.c.obj
[116/1147] Building C object esp-idf/mbedtls/mbedtls/library/CMakeFiles/mbedtls.dir/mps_reader.c.obj
[117/1147] Building C object esp-idf/mbedtls/mbedtls/library/CMakeFiles/mbedx509.dir/x509write_csr.c.obj
[118/1147] Building C object esp-idf/mbedtls/mbedtls/library/CMakeFiles/mbedx509.dir/pkcs7.c.obj
[119/1147] Building C object esp-idf/mbedtls/mbedtls/library/CMakeFiles/mbedx509.dir/x509write_crt.c.obj
[120/1147] Building C object esp-idf/mbedtls/mbedtls/library/CMakeFiles/mbedx509.dir/x509write.c.obj
[121/1147] Building C object esp-idf/mbedtls/mbedtls/library/CMakeFiles/mbedx509.dir/x509.c.obj
[122/1147] Building C object esp-idf/mbedtls/mbedtls/library/CMakeFiles/mbedtls.dir/ssl_ciphersuites.c.obj
[123/1147] Building C object esp-idf/mbedtls/mbedtls/library/CMakeFiles/mbedcrypto.dir/psa_crypto.c.obj
[124/1147] Building C object esp-idf/mbedtls/mbedtls/library/CMakeFiles/mbedtls.dir/ssl_cache.c.obj
[125/1147] Building C object esp-idf/mbedtls/mbedtls/library/CMakeFiles/mbedtls.dir/ssl_cookie.c.obj
[126/1147] Building C object esp-idf/mbedtls/mbedtls/library/CMakeFiles/mbedtls.dir/ssl_debug_helpers_generated.c.obj
[127/1147] Building C object esp-idf/mbedtls/mbedtls/library/CMakeFiles/mbedtls.dir/ssl_tls13_keys.c.obj
[128/1147] Building C object esp-idf/mbedtls/mbedtls/library/CMakeFiles/mbedtls.dir/ssl_tls13_server.c.obj
[129/1147] Building C object esp-idf/mbedtls/mbedtls/library/CMakeFiles/mbedtls.dir/ssl_tls13_client.c.obj
[130/1147] Building C object esp-idf/mbedtls/mbedtls/library/CMakeFiles/mbedtls.dir/ssl_ticket.c.obj
[131/1147] Building C object esp-idf/mbedtls/mbedtls/library/CMakeFiles/mbedtls.dir/ssl_tls13_generic.c.obj
[132/1147] Building C object esp-idf/mbedtls/mbedtls/library/CMakeFiles/mbedtls.dir/ssl_client.c.obj
[133/1147] Creating directories for 'bootloader'
[134/1147] No download step for 'bootloader'
[135/1147] Building C object esp-idf/mbedtls/mbedtls/library/CMakeFiles/mbedtls.dir/REDACTED_BUILD_ROOT/esp-idf/components/mbedtls/port/esp_platform_time.c.obj
[136/1147] No update step for 'bootloader'
[137/1147] Building C object esp-idf/esp_app_format/CMakeFiles/__idf_esp_app_format.dir/esp_app_desc.c.obj
[138/1147] Building C object esp-idf/esp_bootloader_format/CMakeFiles/__idf_esp_bootloader_format.dir/esp_bootloader_desc.c.obj
[139/1147] No patch step for 'bootloader'
[140/1147] Building C object esp-idf/mbedtls/mbedtls/library/CMakeFiles/mbedtls.dir/REDACTED_BUILD_ROOT/esp-idf/components/mbedtls/port/mbedtls_debug.c.obj
[141/1147] Building C object esp-idf/mbedtls/mbedtls/library/CMakeFiles/mbedtls.dir/ssl_tls12_client.c.obj
[142/1147] Building C object esp-idf/mbedtls/mbedtls/library/CMakeFiles/mbedx509.dir/x509_crt.c.obj
[143/1147] Building C object esp-idf/app_update/CMakeFiles/__idf_app_update.dir/esp_ota_app_desc.c.obj
[144/1147] Building C object esp-idf/mbedtls/mbedtls/library/CMakeFiles/mbedtls.dir/ssl_msg.c.obj
[145/1147] Building C object esp-idf/mbedtls/mbedtls/library/CMakeFiles/mbedtls.dir/REDACTED_BUILD_ROOT/esp-idf/components/mbedtls/port/net_sockets.c.obj
[146/1147] Building C object esp-idf/efuse/CMakeFiles/__idf_efuse.dir/esp32c6/esp_efuse_fields.c.obj
[147/1147] Building C object esp-idf/efuse/CMakeFiles/__idf_efuse.dir/esp32c6/esp_efuse_table.c.obj
[148/1147] Building C object esp-idf/esp_partition/CMakeFiles/__idf_esp_partition.dir/partition_target.c.obj
[149/1147] Building C object esp-idf/efuse/CMakeFiles/__idf_efuse.dir/esp32c6/esp_efuse_rtc_calib.c.obj
[150/1147] Building C object esp-idf/esp_partition/CMakeFiles/__idf_esp_partition.dir/partition.c.obj
[151/1147] Building C object esp-idf/efuse/CMakeFiles/__idf_efuse.dir/esp32c6/esp_efuse_utility.c.obj
[152/1147] Building C object esp-idf/mbedtls/mbedtls/library/CMakeFiles/mbedtls.dir/ssl_tls12_server.c.obj
[153/1147] Building C object esp-idf/efuse/CMakeFiles/__idf_efuse.dir/src/esp_efuse_fields.c.obj
[154/1147] Building C object esp-idf/efuse/CMakeFiles/__idf_efuse.dir/src/esp_efuse_startup.c.obj
[155/1147] Building C object esp-idf/efuse/CMakeFiles/__idf_efuse.dir/src/esp_efuse_api.c.obj
[156/1147] Building C object esp-idf/app_update/CMakeFiles/__idf_app_update.dir/esp_ota_ops.c.obj
[157/1147] Building C object esp-idf/efuse/CMakeFiles/__idf_efuse.dir/src/esp_efuse_utility.c.obj
[158/1147] Building C object esp-idf/bootloader_support/CMakeFiles/__idf_bootloader_support.dir/src/bootloader_clock_init.c.obj
[159/1147] Building C object esp-idf/efuse/CMakeFiles/__idf_efuse.dir/src/efuse_controller/keys/with_key_purposes/esp_efuse_api_key.c.obj
[160/1147] Building C object esp-idf/bootloader_support/CMakeFiles/__idf_bootloader_support.dir/src/bootloader_mem.c.obj
[161/1147] Building C object esp-idf/bootloader_support/CMakeFiles/__idf_bootloader_support.dir/src/bootloader_efuse.c.obj
[162/1147] Building C object esp-idf/bootloader_support/CMakeFiles/__idf_bootloader_support.dir/src/bootloader_common_loader.c.obj
[163/1147] Building C object esp-idf/bootloader_support/CMakeFiles/__idf_bootloader_support.dir/src/flash_encrypt.c.obj
[164/1147] Building C object esp-idf/bootloader_support/CMakeFiles/__idf_bootloader_support.dir/src/secure_boot.c.obj
[165/1147] Building C object esp-idf/bootloader_support/CMakeFiles/__idf_bootloader_support.dir/src/bootloader_random.c.obj
[166/1147] Building C object esp-idf/bootloader_support/CMakeFiles/__idf_bootloader_support.dir/src/bootloader_common.c.obj
[167/1147] Building C object esp-idf/bootloader_support/CMakeFiles/__idf_bootloader_support.dir/src/bootloader_random_esp32c6.c.obj
[168/1147] Building C object esp-idf/mbedtls/mbedtls/library/CMakeFiles/mbedtls.dir/ssl_tls.c.obj
[169/1147] Building C object esp-idf/bootloader_support/CMakeFiles/__idf_bootloader_support.dir/src/flash_partitions.c.obj
[170/1147] Building C object esp-idf/bootloader_support/CMakeFiles/__idf_bootloader_support.dir/bootloader_flash/src/flash_qio_mode.c.obj
[171/1147] Building C object esp-idf/bootloader_support/CMakeFiles/__idf_bootloader_support.dir/bootloader_flash/src/bootloader_flash.c.obj
[172/1147] Building C object esp-idf/esp_mm/CMakeFiles/__idf_esp_mm.dir/port/esp32c6/ext_mem_layout.c.obj
[173/1147] Building C object esp-idf/bootloader_support/CMakeFiles/__idf_bootloader_support.dir/bootloader_flash/src/bootloader_flash_config_esp32c6.c.obj
[174/1147] Building C object esp-idf/bootloader_support/CMakeFiles/__idf_bootloader_support.dir/src/esp32c6/bootloader_ecdsa.c.obj
[175/1147] Building C object esp-idf/bootloader_support/CMakeFiles/__idf_bootloader_support.dir/src/esp32c6/secure_boot_secure_features.c.obj
[176/1147] Building C object esp-idf/bootloader_support/CMakeFiles/__idf_bootloader_support.dir/src/bootloader_sha.c.obj
[177/1147] Building C object esp-idf/esp_mm/CMakeFiles/__idf_esp_mm.dir/heap_align_hw.c.obj
[178/1147] Building C object esp-idf/esp_mm/CMakeFiles/__idf_esp_mm.dir/esp_cache_utils.c.obj
[179/1147] Building C object esp-idf/spi_flash/CMakeFiles/__idf_spi_flash.dir/flash_brownout_hook.c.obj
[180/1147] Building C object esp-idf/bootloader_support/CMakeFiles/__idf_bootloader_support.dir/src/bootloader_utility.c.obj
[181/1147] Building C object esp-idf/spi_flash/CMakeFiles/__idf_spi_flash.dir/spi_flash_chip_drivers.c.obj
[182/1147] Building C object esp-idf/bootloader_support/CMakeFiles/__idf_bootloader_support.dir/src/esp_image_format.c.obj
[183/1147] Building C object esp-idf/esp_mm/CMakeFiles/__idf_esp_mm.dir/esp_mmu_map.c.obj
[184/1147] Building C object esp-idf/spi_flash/CMakeFiles/__idf_spi_flash.dir/spi_flash_chip_issi.c.obj
[185/1147] Building C object esp-idf/esp_mm/CMakeFiles/__idf_esp_mm.dir/esp_cache_msync.c.obj
[186/1147] Building C object esp-idf/spi_flash/CMakeFiles/__idf_spi_flash.dir/spi_flash_chip_th.c.obj
[187/1147] Building C object esp-idf/spi_flash/CMakeFiles/__idf_spi_flash.dir/spi_flash_chip_gd.c.obj
[188/1147] Building C object esp-idf/spi_flash/CMakeFiles/__idf_spi_flash.dir/spi_flash_chip_boya.c.obj
[189/1147] Building C object esp-idf/spi_flash/CMakeFiles/__idf_spi_flash.dir/spi_flash_chip_mxic.c.obj
[190/1147] Building C object esp-idf/spi_flash/CMakeFiles/__idf_spi_flash.dir/spi_flash_chip_mxic_opi.c.obj
[191/1147] Building C object esp-idf/spi_flash/CMakeFiles/__idf_spi_flash.dir/cache_utils.c.obj
[192/1147] Building C object esp-idf/spi_flash/CMakeFiles/__idf_spi_flash.dir/spi_flash_chip_winbond.c.obj
[193/1147] Building C object esp-idf/spi_flash/CMakeFiles/__idf_spi_flash.dir/spi_flash_chip_generic.c.obj
[194/1147] Building C object esp-idf/spi_flash/CMakeFiles/__idf_spi_flash.dir/spi_flash_wrap.c.obj
[195/1147] Building C object esp-idf/spi_flash/CMakeFiles/__idf_spi_flash.dir/flash_mmap.c.obj
[196/1147] Building C object esp-idf/esp_system/CMakeFiles/__idf_esp_system.dir/esp_err.c.obj
[197/1147] Building C object esp-idf/spi_flash/CMakeFiles/__idf_spi_flash.dir/spi_flash_os_func_noos.c.obj
[198/1147] Building C object esp-idf/spi_flash/CMakeFiles/__idf_spi_flash.dir/memspi_host_driver.c.obj
[199/1147] Building C object esp-idf/spi_flash/CMakeFiles/__idf_spi_flash.dir/spi_flash_os_func_app.c.obj
[200/1147] Building C object esp-idf/spi_flash/CMakeFiles/__idf_spi_flash.dir/flash_ops.c.obj
[201/1147] Building C object esp-idf/esp_system/CMakeFiles/__idf_esp_system.dir/crosscore_int.c.obj
[202/1147] Building C object esp-idf/esp_system/CMakeFiles/__idf_esp_system.dir/esp_ipc.c.obj
[203/1147] Building C object esp-idf/spi_flash/CMakeFiles/__idf_spi_flash.dir/esp_flash_spi_init.c.obj
[204/1147] Building C object esp-idf/esp_system/CMakeFiles/__idf_esp_system.dir/esp_system_console.c.obj
[205/1147] Building C object esp-idf/esp_system/CMakeFiles/__idf_esp_system.dir/startup.c.obj
[206/1147] Building C object esp-idf/esp_system/CMakeFiles/__idf_esp_system.dir/freertos_hooks.c.obj
[207/1147] Building C object esp-idf/esp_system/CMakeFiles/__idf_esp_system.dir/int_wdt.c.obj
[208/1147] Building C object esp-idf/esp_system/CMakeFiles/__idf_esp_system.dir/stack_check.c.obj
[209/1147] Building C object esp-idf/esp_system/CMakeFiles/__idf_esp_system.dir/esp_system.c.obj
[210/1147] Building C object esp-idf/esp_system/CMakeFiles/__idf_esp_system.dir/system_time.c.obj
[211/1147] Building C object esp-idf/esp_system/CMakeFiles/__idf_esp_system.dir/panic.c.obj
[212/1147] Building C object esp-idf/esp_system/CMakeFiles/__idf_esp_system.dir/systick_etm.c.obj
[213/1147] Building C object esp-idf/esp_system/CMakeFiles/__idf_esp_system.dir/startup_funcs.c.obj
[214/1147] Building C object esp-idf/esp_system/CMakeFiles/__idf_esp_system.dir/xt_wdt.c.obj
[215/1147] Building C object esp-idf/esp_system/CMakeFiles/__idf_esp_system.dir/hw_stack_guard.c.obj
[216/1147] Building C object esp-idf/esp_system/CMakeFiles/__idf_esp_system.dir/ubsan.c.obj
[217/1147] Building C object esp-idf/spi_flash/CMakeFiles/__idf_spi_flash.dir/esp_flash_api.c.obj
[218/1147] Building C object esp-idf/esp_system/CMakeFiles/__idf_esp_system.dir/port/esp_system_chip.c.obj
[219/1147] Building C object esp-idf/esp_system/CMakeFiles/__idf_esp_system.dir/port/arch/riscv/expression_with_stack.c.obj
[220/1147] Building C object esp-idf/esp_system/CMakeFiles/__idf_esp_system.dir/port/arch/riscv/debug_stubs.c.obj
[221/1147] Building C object esp-idf/esp_system/CMakeFiles/__idf_esp_system.dir/port/arch/riscv/panic_arch.c.obj
[222/1147] Building C object esp-idf/esp_system/CMakeFiles/__idf_esp_system.dir/port/arch/riscv/debug_helpers.c.obj
[223/1147] Building C object esp-idf/esp_system/CMakeFiles/__idf_esp_system.dir/port/image_process.c.obj
[224/1147] Building C object esp-idf/esp_system/CMakeFiles/__idf_esp_system.dir/port/soc/esp32c6/reset_reason.c.obj
[225/1147] Building C object esp-idf/esp_rom/CMakeFiles/__idf_esp_rom.dir/patches/esp_rom_crc.c.obj
[226/1147] Building C object esp-idf/esp_system/CMakeFiles/__idf_esp_system.dir/port/panic_handler.c.obj
[227/1147] Building C object esp-idf/esp_rom/CMakeFiles/__idf_esp_rom.dir/patches/esp_rom_sys.c.obj
[228/1147] Building C object esp-idf/esp_system/CMakeFiles/__idf_esp_system.dir/port/soc/esp32c6/cache_err_int.c.obj
[229/1147] Building C object esp-idf/esp_system/CMakeFiles/__idf_esp_system.dir/port/cpu_start.c.obj
[230/1147] Building C object esp-idf/esp_system/CMakeFiles/__idf_esp_system.dir/port/soc/esp32c6/system_internal.c.obj
[231/1147] Building C object esp-idf/esp_rom/CMakeFiles/__idf_esp_rom.dir/patches/esp_rom_print.c.obj
[232/1147] Building C object esp-idf/esp_rom/CMakeFiles/__idf_esp_rom.dir/patches/esp_rom_efuse.c.obj
[233/1147] Building C object esp-idf/esp_common/CMakeFiles/__idf_esp_common.dir/src/esp_err_to_name.c.obj
[234/1147] Building C object esp-idf/esp_rom/CMakeFiles/__idf_esp_rom.dir/patches/esp_rom_gpio.c.obj
[235/1147] Building C object esp-idf/esp_rom/CMakeFiles/__idf_esp_rom.dir/patches/esp_rom_spiflash.c.obj
[236/1147] Building C object esp-idf/esp_rom/CMakeFiles/__idf_esp_rom.dir/patches/esp_rom_hp_regi2c_esp32c6.c.obj
[237/1147] Building C object esp-idf/esp_rom/CMakeFiles/__idf_esp_rom.dir/patches/esp_rom_tlsf.c.obj
[238/1147] Building C object esp-idf/esp_rom/CMakeFiles/__idf_esp_rom.dir/patches/esp_rom_uart.c.obj
[239/1147] Building C object esp-idf/esp_rom/CMakeFiles/__idf_esp_rom.dir/patches/esp_rom_multi_heap.c.obj
[240/1147] Building C object esp-idf/esp_rom/CMakeFiles/__idf_esp_rom.dir/patches/esp_rom_systimer.c.obj
[241/1147] Building C object esp-idf/esp_rom/CMakeFiles/__idf_esp_rom.dir/patches/esp_rom_usb_serial.c.obj
[242/1147] Building C object esp-idf/esp_system/CMakeFiles/__idf_esp_system.dir/port/soc/esp32c6/clk.c.obj
[243/1147] Building C object esp-idf/hal/CMakeFiles/__idf_hal.dir/lp_timer_hal.c.obj
[244/1147] Building C object esp-idf/hal/CMakeFiles/__idf_hal.dir/color_hal.c.obj
[245/1147] Building C object esp-idf/hal/CMakeFiles/__idf_hal.dir/efuse_hal.c.obj
[246/1147] Building C object esp-idf/hal/CMakeFiles/__idf_hal.dir/hal_utils.c.obj
[247/1147] Building C object esp-idf/hal/CMakeFiles/__idf_hal.dir/esp32c6/efuse_hal.c.obj
[248/1147] Building C object esp-idf/hal/CMakeFiles/__idf_hal.dir/spi_flash_encrypt_hal_iram.c.obj
[249/1147] Building C object esp-idf/esp_rom/CMakeFiles/__idf_esp_rom.dir/patches/esp_rom_wdt.c.obj
[250/1147] Building C object esp-idf/hal/CMakeFiles/__idf_hal.dir/mmu_hal.c.obj
[251/1147] Building C object esp-idf/hal/CMakeFiles/__idf_hal.dir/spi_flash_hal.c.obj
[252/1147] Building C object esp-idf/hal/CMakeFiles/__idf_hal.dir/uart_hal_iram.c.obj
[253/1147] Building C object esp-idf/hal/CMakeFiles/__idf_hal.dir/cache_hal.c.obj
[254/1147] Building C object esp-idf/hal/CMakeFiles/__idf_hal.dir/esp32c6/clk_tree_hal.c.obj
[255/1147] Building C object esp-idf/hal/CMakeFiles/__idf_hal.dir/gpio_hal.c.obj
[256/1147] Building C object esp-idf/hal/CMakeFiles/__idf_hal.dir/spi_flash_hal_iram.c.obj
[257/1147] Building C object esp-idf/hal/CMakeFiles/__idf_hal.dir/timer_hal.c.obj
[258/1147] Building C object esp-idf/hal/CMakeFiles/__idf_hal.dir/ledc_hal.c.obj
[259/1147] Building C object esp-idf/hal/CMakeFiles/__idf_hal.dir/uart_hal.c.obj
[260/1147] Building C object esp-idf/hal/CMakeFiles/__idf_hal.dir/rtc_io_hal.c.obj
[261/1147] Building C object esp-idf/hal/CMakeFiles/__idf_hal.dir/i2c_hal_iram.c.obj
[262/1147] Building C object esp-idf/hal/CMakeFiles/__idf_hal.dir/ledc_hal_iram.c.obj
[263/1147] Building C object esp-idf/hal/CMakeFiles/__idf_hal.dir/pcnt_hal.c.obj
[264/1147] Building C object esp-idf/hal/CMakeFiles/__idf_hal.dir/rmt_hal.c.obj
[265/1147] Building C object esp-idf/hal/CMakeFiles/__idf_hal.dir/mcpwm_hal.c.obj
[266/1147] Building C object esp-idf/hal/CMakeFiles/__idf_hal.dir/sdm_hal.c.obj
[267/1147] Building C object esp-idf/hal/CMakeFiles/__idf_hal.dir/uhci_hal.c.obj
[268/1147] Building C object esp-idf/hal/CMakeFiles/__idf_hal.dir/etm_hal.c.obj
[269/1147] Building C object esp-idf/hal/CMakeFiles/__idf_hal.dir/gdma_hal_top.c.obj
[270/1147] Building C object esp-idf/hal/CMakeFiles/__idf_hal.dir/i2c_hal.c.obj
[271/1147] Building C object esp-idf/hal/CMakeFiles/__idf_hal.dir/parlio_hal.c.obj
[272/1147] Building C object esp-idf/hal/CMakeFiles/__idf_hal.dir/gdma_hal_ahb_v1.c.obj
[273/1147] Building C object esp-idf/hal/CMakeFiles/__idf_hal.dir/twai_hal_sja1000.c.obj
[274/1147] Building C object esp-idf/hal/CMakeFiles/__idf_hal.dir/adc_hal_common.c.obj
[275/1147] Building C object esp-idf/hal/CMakeFiles/__idf_hal.dir/ecc_hal.c.obj
[276/1147] Building C object esp-idf/hal/CMakeFiles/__idf_hal.dir/adc_oneshot_hal.c.obj
[277/1147] Building C object esp-idf/hal/CMakeFiles/__idf_hal.dir/i2s_hal.c.obj
[278/1147] Building C object esp-idf/hal/CMakeFiles/__idf_hal.dir/sha_hal.c.obj
[279/1147] Building C object esp-idf/hal/CMakeFiles/__idf_hal.dir/brownout_hal.c.obj
[280/1147] Building C object esp-idf/hal/CMakeFiles/__idf_hal.dir/esp32c6/pau_hal.c.obj
[281/1147] Building C object esp-idf/hal/CMakeFiles/__idf_hal.dir/adc_hal.c.obj
[282/1147] Building C object esp-idf/hal/CMakeFiles/__idf_hal.dir/esp32c6/modem_clock_hal.c.obj
[283/1147] Building C object esp-idf/hal/CMakeFiles/__idf_hal.dir/mpi_hal.c.obj
[284/1147] Building C object esp-idf/hal/CMakeFiles/__idf_hal.dir/aes_hal.c.obj
[285/1147] Building C object esp-idf/hal/CMakeFiles/__idf_hal.dir/spi_hal.c.obj
[286/1147] Building C object esp-idf/hal/CMakeFiles/__idf_hal.dir/hmac_hal.c.obj
[287/1147] Building C object esp-idf/hal/CMakeFiles/__idf_hal.dir/esp32c6/pmu_hal.c.obj
[288/1147] Building C object esp-idf/hal/CMakeFiles/__idf_hal.dir/spi_slave_hal.c.obj
[289/1147] Building C object esp-idf/hal/CMakeFiles/__idf_hal.dir/spi_slave_hal_iram.c.obj
[290/1147] Building C object esp-idf/hal/CMakeFiles/__idf_hal.dir/ds_hal.c.obj
[291/1147] Building C object esp-idf/hal/CMakeFiles/__idf_hal.dir/spi_slave_hd_hal.c.obj
[292/1147] Building C object esp-idf/hal/CMakeFiles/__idf_hal.dir/apm_hal.c.obj
[293/1147] Building C object esp-idf/log/CMakeFiles/__idf_log.dir/src/log_timestamp_common.c.obj
[294/1147] Building C object esp-idf/log/CMakeFiles/__idf_log.dir/src/os/log_lock.c.obj
[295/1147] Building C object esp-idf/hal/CMakeFiles/__idf_hal.dir/usb_serial_jtag_hal.c.obj
[296/1147] Building C object esp-idf/log/CMakeFiles/__idf_log.dir/src/os/log_timestamp.c.obj
[297/1147] Building C object esp-idf/hal/CMakeFiles/__idf_hal.dir/spi_flash_hal_gpspi.c.obj
[298/1147] Building C object esp-idf/hal/CMakeFiles/__idf_hal.dir/sdio_slave_hal.c.obj
[299/1147] Building C object esp-idf/hal/CMakeFiles/__idf_hal.dir/spi_hal_iram.c.obj
[300/1147] Building C object esp-idf/log/CMakeFiles/__idf_log.dir/src/os/util.c.obj
[301/1147] Building C object esp-idf/log/CMakeFiles/__idf_log.dir/src/log_print.c.obj
[302/1147] Building C object esp-idf/log/CMakeFiles/__idf_log.dir/src/log_format_text.c.obj
[303/1147] Building C object esp-idf/log/CMakeFiles/__idf_log.dir/src/log.c.obj
[304/1147] Building C object esp-idf/log/CMakeFiles/__idf_log.dir/src/util.c.obj
[305/1147] Building C object esp-idf/log/CMakeFiles/__idf_log.dir/src/buffer/log_buffers.c.obj
[306/1147] Building C object esp-idf/log/CMakeFiles/__idf_log.dir/src/log_level/log_level.c.obj
[307/1147] Building C object esp-idf/log/CMakeFiles/__idf_log.dir/src/log_level/tag_log_level/linked_list/log_linked_list.c.obj
[308/1147] Building C object esp-idf/log/CMakeFiles/__idf_log.dir/src/os/log_write.c.obj
[309/1147] Building C object esp-idf/log/CMakeFiles/__idf_log.dir/src/log_level/tag_log_level/tag_log_level.c.obj
[310/1147] Building C object esp-idf/log/CMakeFiles/__idf_log.dir/src/log_level/tag_log_level/cache/log_binary_heap.c.obj
[311/1147] Building C object esp-idf/heap/CMakeFiles/__idf_heap.dir/port/esp32c6/memory_layout.c.obj
[312/1147] Building C object esp-idf/soc/CMakeFiles/__idf_soc.dir/esp32c6/interrupts.c.obj
[313/1147] Building C object esp-idf/heap/CMakeFiles/__idf_heap.dir/multi_heap.c.obj
[314/1147] Building C object esp-idf/heap/CMakeFiles/__idf_heap.dir/heap_caps_base.c.obj
[315/1147] Building C object esp-idf/heap/CMakeFiles/__idf_heap.dir/port/memory_layout_utils.c.obj
[316/1147] Building C object esp-idf/soc/CMakeFiles/__idf_soc.dir/esp32c6/gpio_periph.c.obj
[317/1147] Building C object esp-idf/soc/CMakeFiles/__idf_soc.dir/dport_access_common.c.obj
[318/1147] Building C object esp-idf/soc/CMakeFiles/__idf_soc.dir/esp32c6/dedic_gpio_periph.c.obj
[319/1147] Building C object esp-idf/soc/CMakeFiles/__idf_soc.dir/esp32c6/uart_periph.c.obj
[320/1147] Building C object esp-idf/soc/CMakeFiles/__idf_soc.dir/esp32c6/adc_periph.c.obj
[321/1147] Building C object esp-idf/soc/CMakeFiles/__idf_soc.dir/esp32c6/etm_periph.c.obj
[322/1147] Building C object esp-idf/soc/CMakeFiles/__idf_soc.dir/lldesc.c.obj
[323/1147] Building C object esp-idf/heap/CMakeFiles/__idf_heap.dir/heap_caps_init.c.obj
[324/1147] Building C object esp-idf/soc/CMakeFiles/__idf_soc.dir/esp32c6/ledc_periph.c.obj
[325/1147] Building C object esp-idf/soc/CMakeFiles/__idf_soc.dir/esp32c6/gdma_periph.c.obj
[326/1147] Building C object esp-idf/soc/CMakeFiles/__idf_soc.dir/esp32c6/sdm_periph.c.obj
[327/1147] Building C object esp-idf/soc/CMakeFiles/__idf_soc.dir/esp32c6/pcnt_periph.c.obj
[328/1147] Building C object esp-idf/soc/CMakeFiles/__idf_soc.dir/esp32c6/i2s_periph.c.obj
[329/1147] Building C object esp-idf/soc/CMakeFiles/__idf_soc.dir/esp32c6/rmt_periph.c.obj
[330/1147] Building C object esp-idf/soc/CMakeFiles/__idf_soc.dir/esp32c6/spi_periph.c.obj
[331/1147] Building C object esp-idf/soc/CMakeFiles/__idf_soc.dir/esp32c6/temperature_sensor_periph.c.obj
[332/1147] Building C object esp-idf/soc/CMakeFiles/__idf_soc.dir/esp32c6/parlio_periph.c.obj
[333/1147] Building C object esp-idf/soc/CMakeFiles/__idf_soc.dir/esp32c6/i2c_periph.c.obj
[334/1147] Building C object esp-idf/soc/CMakeFiles/__idf_soc.dir/esp32c6/timer_periph.c.obj
[335/1147] Building C object esp-idf/soc/CMakeFiles/__idf_soc.dir/esp32c6/mcpwm_periph.c.obj
[336/1147] Building C object esp-idf/soc/CMakeFiles/__idf_soc.dir/esp32c6/mpi_periph.c.obj
[337/1147] Building C object esp-idf/soc/CMakeFiles/__idf_soc.dir/esp32c6/twai_periph.c.obj
[338/1147] Building C object esp-idf/soc/CMakeFiles/__idf_soc.dir/esp32c6/ieee802154_periph.c.obj
[339/1147] Building C object esp-idf/soc/CMakeFiles/__idf_soc.dir/esp32c6/rtc_io_periph.c.obj
[340/1147] Building C object esp-idf/soc/CMakeFiles/__idf_soc.dir/esp32c6/system_retention_periph.c.obj
[341/1147] Building C object esp-idf/heap/CMakeFiles/__idf_heap.dir/heap_caps.c.obj
[342/1147] Building C object esp-idf/soc/CMakeFiles/__idf_soc.dir/esp32c6/power_supply_periph.c.obj
[343/1147] Building C object esp-idf/soc/CMakeFiles/__idf_soc.dir/esp32c6/wdt_periph.c.obj
[344/1147] Building C object esp-idf/soc/CMakeFiles/__idf_soc.dir/esp32c6/sdio_slave_periph.c.obj
[345/1147] Building C object esp-idf/esp_security/CMakeFiles/__idf_esp_security.dir/src/esp_crypto_lock.c.obj
[346/1147] Building C object esp-idf/esp_hw_support/CMakeFiles/__idf_esp_hw_support.dir/port/esp32c6/esp_cpu_intr.c.obj
[347/1147] Building C object esp-idf/esp_security/CMakeFiles/__idf_esp_security.dir/src/esp_dpa_protection.c.obj
[348/1147] Building C object esp-idf/esp_security/CMakeFiles/__idf_esp_security.dir/src/esp_hmac.c.obj
[349/1147] Building C object esp-idf/esp_security/CMakeFiles/__idf_esp_security.dir/src/esp_crypto_periph_clk.c.obj
[350/1147] Building C object esp-idf/esp_security/CMakeFiles/__idf_esp_security.dir/src/init.c.obj
[351/1147] Building C object esp-idf/esp_hw_support/CMakeFiles/__idf_esp_hw_support.dir/cpu.c.obj
[352/1147] Building C object esp-idf/esp_hw_support/CMakeFiles/__idf_esp_hw_support.dir/esp_memory_utils.c.obj
[353/1147] Building C object esp-idf/esp_security/CMakeFiles/__idf_esp_security.dir/src/esp_ds.c.obj
[354/1147] Building C object esp-idf/esp_hw_support/CMakeFiles/__idf_esp_hw_support.dir/port/esp32c6/cpu_region_protect.c.obj
[355/1147] Building C object esp-idf/esp_hw_support/CMakeFiles/__idf_esp_hw_support.dir/revision.c.obj
[356/1147] Building C object esp-idf/esp_hw_support/CMakeFiles/__idf_esp_hw_support.dir/hw_random.c.obj
[357/1147] Building C object esp-idf/esp_hw_support/CMakeFiles/__idf_esp_hw_support.dir/clk_ctrl_os.c.obj
[358/1147] Building C object esp-idf/esp_hw_support/CMakeFiles/__idf_esp_hw_support.dir/rtc_module.c.obj
[359/1147] Building C object esp-idf/esp_hw_support/CMakeFiles/__idf_esp_hw_support.dir/esp_clk.c.obj
[360/1147] Building C object esp-idf/esp_hw_support/CMakeFiles/__idf_esp_hw_support.dir/esp_gpio_reserve.c.obj
[361/1147] Building C object esp-idf/esp_hw_support/CMakeFiles/__idf_esp_hw_support.dir/regi2c_ctrl.c.obj
[362/1147] Building C object esp-idf/esp_hw_support/CMakeFiles/__idf_esp_hw_support.dir/port/esp32c6/esp_clk_tree.c.obj
[363/1147] Building C object esp-idf/esp_hw_support/CMakeFiles/__idf_esp_hw_support.dir/periph_ctrl.c.obj
[364/1147] Building C object esp-idf/esp_hw_support/CMakeFiles/__idf_esp_hw_support.dir/mac_addr.c.obj
[365/1147] Building C object esp-idf/esp_hw_support/CMakeFiles/__idf_esp_hw_support.dir/port/esp32c6/io_mux.c.obj
[366/1147] Building C object esp-idf/esp_hw_support/CMakeFiles/__idf_esp_hw_support.dir/dma/esp_dma_utils.c.obj
[367/1147] Building C object esp-idf/esp_hw_support/CMakeFiles/__idf_esp_hw_support.dir/port/esp_clk_tree_common.c.obj
[368/1147] Building C object esp-idf/esp_hw_support/CMakeFiles/__idf_esp_hw_support.dir/clk_utils.c.obj
[369/1147] Building C object esp-idf/esp_hw_support/CMakeFiles/__idf_esp_hw_support.dir/dma/gdma_link.c.obj
[370/1147] Building C object esp-idf/esp_hw_support/CMakeFiles/__idf_esp_hw_support.dir/intr_alloc.c.obj
[371/1147] Building C object esp-idf/esp_hw_support/CMakeFiles/__idf_esp_hw_support.dir/spi_share_hw_ctrl.c.obj
[372/1147] Building C object esp-idf/esp_hw_support/CMakeFiles/__idf_esp_hw_support.dir/sar_periph_ctrl_common.c.obj
[373/1147] Building C object esp-idf/esp_hw_support/CMakeFiles/__idf_esp_hw_support.dir/sleep_modem.c.obj
[374/1147] Building C object esp-idf/esp_hw_support/CMakeFiles/__idf_esp_hw_support.dir/sleep_usb.c.obj
[375/1147] Building C object esp-idf/esp_hw_support/CMakeFiles/__idf_esp_hw_support.dir/sleep_console.c.obj
[376/1147] Building C object esp-idf/esp_hw_support/CMakeFiles/__idf_esp_hw_support.dir/sleep_event.c.obj
[377/1147] Building C object esp-idf/esp_hw_support/CMakeFiles/__idf_esp_hw_support.dir/adc_share_hw_ctrl.c.obj
[378/1147] Building C object esp-idf/esp_hw_support/CMakeFiles/__idf_esp_hw_support.dir/sleep_gpio.c.obj
[379/1147] Building C object esp-idf/esp_hw_support/CMakeFiles/__idf_esp_hw_support.dir/sleep_system_peripheral.c.obj
[380/1147] Building C object esp-idf/esp_hw_support/CMakeFiles/__idf_esp_hw_support.dir/spi_bus_lock.c.obj
[381/1147] Building C object esp-idf/esp_hw_support/CMakeFiles/__idf_esp_hw_support.dir/deprecated/gdma_legacy.c.obj
[382/1147] Building C object esp-idf/esp_hw_support/CMakeFiles/__idf_esp_hw_support.dir/dma/gdma_etm.c.obj
[383/1147] Building C object esp-idf/esp_hw_support/CMakeFiles/__idf_esp_hw_support.dir/port/esp32c6/systimer.c.obj
[384/1147] Building C object esp-idf/esp_hw_support/CMakeFiles/__idf_esp_hw_support.dir/dma/esp_async_memcpy.c.obj
[385/1147] Building C object esp-idf/esp_hw_support/CMakeFiles/__idf_esp_hw_support.dir/dma/gdma_sleep_retention.c.obj
[386/1147] Building C object esp-idf/esp_hw_support/CMakeFiles/__idf_esp_hw_support.dir/sleep_retention.c.obj
[387/1147] Building C object esp-idf/esp_hw_support/CMakeFiles/__idf_esp_hw_support.dir/port/pau_regdma.c.obj
[388/1147] Building C object esp-idf/esp_hw_support/CMakeFiles/__idf_esp_hw_support.dir/mspi_timing_tuning/mspi_timing_tuning.c.obj
[389/1147] Building C object esp-idf/esp_hw_support/CMakeFiles/__idf_esp_hw_support.dir/esp_etm.c.obj
[390/1147] Building C object esp-idf/esp_hw_support/CMakeFiles/__idf_esp_hw_support.dir/dma/async_memcpy_gdma.c.obj
[391/1147] Building C object esp-idf/esp_hw_support/CMakeFiles/__idf_esp_hw_support.dir/sleep_wake_stub.c.obj
[392/1147] Building C object esp-idf/esp_hw_support/CMakeFiles/__idf_esp_hw_support.dir/dma/gdma.c.obj
[393/1147] Building C object esp-idf/esp_hw_support/CMakeFiles/__idf_esp_hw_support.dir/modem_clock.c.obj
[394/1147] Building C object esp-idf/esp_hw_support/CMakeFiles/__idf_esp_hw_support.dir/sleep_modes.c.obj
[395/1147] Building C object esp-idf/esp_hw_support/CMakeFiles/__idf_esp_hw_support.dir/esp_clock_output.c.obj
[396/1147] Building C object esp-idf/esp_hw_support/CMakeFiles/__idf_esp_hw_support.dir/port/esp32c6/pmu_param.c.obj
[397/1147] Building C object esp-idf/esp_hw_support/CMakeFiles/__idf_esp_hw_support.dir/power_supply/brownout.c.obj
[398/1147] Building C object esp-idf/esp_hw_support/CMakeFiles/__idf_esp_hw_support.dir/port/esp32c6/rtc_clk_init.c.obj
[399/1147] Building C object esp-idf/esp_hw_support/CMakeFiles/__idf_esp_hw_support.dir/port/esp32c6/chip_info.c.obj
[400/1147] Building C object esp-idf/esp_hw_support/CMakeFiles/__idf_esp_hw_support.dir/port/esp32c6/rtc_clk.c.obj
[401/1147] Building ASM object esp-idf/esp_hw_support/CMakeFiles/__idf_esp_hw_support.dir/lowpower/port/esp32c6/sleep_cpu_asm.S.obj
[402/1147] Building C object esp-idf/esp_hw_support/CMakeFiles/__idf_esp_hw_support.dir/port/esp32c6/ocode_init.c.obj
[403/1147] Building C object esp-idf/esp_hw_support/CMakeFiles/__idf_esp_hw_support.dir/lowpower/port/esp32c6/sleep_modem_state.c.obj
[404/1147] Building C object esp-idf/esp_hw_support/CMakeFiles/__idf_esp_hw_support.dir/port/esp32c6/rtc_time.c.obj
[405/1147] Building C object esp-idf/esp_hw_support/CMakeFiles/__idf_esp_hw_support.dir/lowpower/port/esp32c6/sleep_clock.c.obj
[406/1147] Building C object esp-idf/freertos/CMakeFiles/__idf_freertos.dir/heap_idf.c.obj
[407/1147] Building C object esp-idf/esp_hw_support/CMakeFiles/__idf_esp_hw_support.dir/port/esp32c6/pmu_sleep.c.obj
[408/1147] Building C object esp-idf/esp_hw_support/CMakeFiles/__idf_esp_hw_support.dir/port/esp32c6/sar_periph_ctrl.c.obj
[409/1147] Building C object esp-idf/esp_hw_support/CMakeFiles/__idf_esp_hw_support.dir/port/esp32c6/pmu_init.c.obj
[410/1147] Building C object esp-idf/freertos/CMakeFiles/__idf_freertos.dir/port_common.c.obj
[411/1147] Building C object esp-idf/esp_hw_support/CMakeFiles/__idf_esp_hw_support.dir/lowpower/port/esp32c6/sleep_cpu.c.obj
[412/1147] Building C object esp-idf/freertos/CMakeFiles/__idf_freertos.dir/app_startup.c.obj
[413/1147] Building C object esp-idf/freertos/CMakeFiles/__idf_freertos.dir/FreeRTOS-Kernel/list.c.obj
[414/1147] Building C object esp-idf/freertos/CMakeFiles/__idf_freertos.dir/port_systick.c.obj
[415/1147] Building C object esp-idf/esp_hw_support/CMakeFiles/__idf_esp_hw_support.dir/port/regdma_link.c.obj
[416/1147] Building ASM object esp-idf/freertos/CMakeFiles/__idf_freertos.dir/FreeRTOS-Kernel/portable/riscv/portasm.S.obj
[417/1147] Building C object esp-idf/freertos/CMakeFiles/__idf_freertos.dir/FreeRTOS-Kernel/event_groups.c.obj
[418/1147] Building C object esp-idf/freertos/CMakeFiles/__idf_freertos.dir/esp_additions/freertos_compatibility.c.obj
[419/1147] Building C object esp-idf/freertos/CMakeFiles/__idf_freertos.dir/FreeRTOS-Kernel/queue.c.obj
[420/1147] Building C object esp-idf/freertos/CMakeFiles/__idf_freertos.dir/esp_additions/idf_additions_event_groups.c.obj
[421/1147] Building C object esp-idf/freertos/CMakeFiles/__idf_freertos.dir/FreeRTOS-Kernel/stream_buffer.c.obj
[422/1147] Building C object esp-idf/freertos/CMakeFiles/__idf_freertos.dir/FreeRTOS-Kernel/timers.c.obj
[423/1147] Building C object esp-idf/newlib/CMakeFiles/__idf_newlib.dir/src/abort.c.obj
[424/1147] Building C object esp-idf/newlib/CMakeFiles/__idf_newlib.dir/src/init.c.obj
[425/1147] Building C object esp-idf/freertos/CMakeFiles/__idf_freertos.dir/FreeRTOS-Kernel/portable/riscv/port.c.obj
[426/1147] Building C object esp-idf/newlib/CMakeFiles/__idf_newlib.dir/src/heap.c.obj
[427/1147] Building C object esp-idf/newlib/CMakeFiles/__idf_newlib.dir/src/assert.c.obj
[428/1147] Building C object esp-idf/freertos/CMakeFiles/__idf_freertos.dir/esp_additions/idf_additions.c.obj
[429/1147] Building C object esp-idf/newlib/CMakeFiles/__idf_newlib.dir/src/pthread.c.obj
[430/1147] Building C object esp-idf/newlib/CMakeFiles/__idf_newlib.dir/src/poll.c.obj
[431/1147] Building C object esp-idf/newlib/CMakeFiles/__idf_newlib.dir/src/getentropy.c.obj
[432/1147] Building C object esp-idf/newlib/CMakeFiles/__idf_newlib.dir/src/random.c.obj
[433/1147] Building C object esp-idf/newlib/CMakeFiles/__idf_newlib.dir/src/sysconf.c.obj
[434/1147] Building C object esp-idf/newlib/CMakeFiles/__idf_newlib.dir/src/scandir.c.obj
[435/1147] Building C object esp-idf/newlib/CMakeFiles/__idf_newlib.dir/src/termios.c.obj
[436/1147] Building C object esp-idf/newlib/CMakeFiles/__idf_newlib.dir/src/syscalls.c.obj
[437/1147] Building C object esp-idf/freertos/CMakeFiles/__idf_freertos.dir/FreeRTOS-Kernel/tasks.c.obj
[438/1147] Building C object esp-idf/newlib/CMakeFiles/__idf_newlib.dir/src/locks.c.obj
[439/1147] Building C object esp-idf/newlib/CMakeFiles/__idf_newlib.dir/src/time.c.obj
[440/1147] Building C object esp-idf/newlib/CMakeFiles/__idf_newlib.dir/src/flockfile.c.obj
[441/1147] Building C object esp-idf/newlib/CMakeFiles/__idf_newlib.dir/src/realpath.c.obj
[442/1147] Building C object esp-idf/newlib/CMakeFiles/__idf_newlib.dir/src/reent_syscalls.c.obj
[443/1147] Building C object esp-idf/newlib/CMakeFiles/__idf_newlib.dir/src/port/esp_time_impl.c.obj
[444/1147] Building C object esp-idf/newlib/CMakeFiles/__idf_newlib.dir/src/newlib_init.c.obj
[445/1147] Building C object esp-idf/newlib/CMakeFiles/__idf_newlib.dir/src/reent_init.c.obj
[446/1147] Building C object esp-idf/pthread/CMakeFiles/__idf_pthread.dir/pthread_cond_var.c.obj
[447/1147] Building C object esp-idf/newlib/CMakeFiles/__idf_newlib.dir/src/stdatomic.c.obj
[448/1147] Building CXX object esp-idf/cxx/CMakeFiles/__idf_cxx.dir/cxx_init.cpp.obj
[449/1147] Building C object esp-idf/pthread/CMakeFiles/__idf_pthread.dir/pthread_local_storage.c.obj
[450/1147] Building C object esp-idf/pthread/CMakeFiles/__idf_pthread.dir/pthread_semaphore.c.obj
[451/1147] Building C object esp-idf/pthread/CMakeFiles/__idf_pthread.dir/pthread_rwlock.c.obj
[452/1147] Building CXX object esp-idf/cxx/CMakeFiles/__idf_cxx.dir/cxx_exception_stubs.cpp.obj
[453/1147] Building C object esp-idf/pthread/CMakeFiles/__idf_pthread.dir/pthread.c.obj
[454/1147] Building C object esp-idf/esp_driver_uart/CMakeFiles/__idf_esp_driver_uart.dir/src/uart_wakeup.c.obj
[455/1147] Building C object esp-idf/esp_driver_usb_serial_jtag/CMakeFiles/__idf_esp_driver_usb_serial_jtag.dir/src/usb_serial_jtag_connection_monitor.c.obj
[456/1147] Building C object esp-idf/esp_vfs_console/CMakeFiles/__idf_esp_vfs_console.dir/vfs_console.c.obj
[457/1147] Building C object esp-idf/esp_driver_usb_serial_jtag/CMakeFiles/__idf_esp_driver_usb_serial_jtag.dir/src/usb_serial_jtag.c.obj
[458/1147] Building C object esp-idf/esp_ringbuf/CMakeFiles/__idf_esp_ringbuf.dir/ringbuf.c.obj
[459/1147] Building C object esp-idf/esp_driver_uart/CMakeFiles/__idf_esp_driver_uart.dir/src/uart_vfs.c.obj
[460/1147] Building C object esp-idf/esp_driver_usb_serial_jtag/CMakeFiles/__idf_esp_driver_usb_serial_jtag.dir/src/usb_serial_jtag_vfs.c.obj
[461/1147] Building C object esp-idf/esp_driver_uart/CMakeFiles/__idf_esp_driver_uart.dir/src/uhci.c.obj
[462/1147] Building C object esp-idf/vfs/CMakeFiles/__idf_vfs.dir/vfs_eventfd.c.obj
[463/1147] Building CXX object esp-idf/cxx/CMakeFiles/__idf_cxx.dir/cxx_guards.cpp.obj
[464/1147] Building C object esp-idf/vfs/CMakeFiles/__idf_vfs.dir/nullfs.c.obj
[465/1147] Building C object esp-idf/lwip/CMakeFiles/__idf_lwip.dir/lwip/src/api/err.c.obj
[466/1147] Building C object esp-idf/vfs/CMakeFiles/__idf_vfs.dir/vfs_semihost.c.obj
[467/1147] Building C object esp-idf/lwip/CMakeFiles/__idf_lwip.dir/lwip/src/api/if_api.c.obj
[468/1147] Building C object esp-idf/lwip/CMakeFiles/__idf_lwip.dir/apps/sntp/sntp.c.obj
[469/1147] Building C object esp-idf/lwip/CMakeFiles/__idf_lwip.dir/lwip/src/api/netbuf.c.obj
[470/1147] Building C object esp-idf/lwip/CMakeFiles/__idf_lwip.dir/lwip/src/api/netifapi.c.obj
[471/1147] Building C object esp-idf/lwip/CMakeFiles/__idf_lwip.dir/lwip/src/api/api_lib.c.obj
[472/1147] Building C object esp-idf/lwip/CMakeFiles/__idf_lwip.dir/lwip/src/api/tcpip.c.obj
[473/1147] Building C object esp-idf/lwip/CMakeFiles/__idf_lwip.dir/lwip/src/api/netdb.c.obj
[474/1147] Building C object esp-idf/lwip/CMakeFiles/__idf_lwip.dir/lwip/src/api/api_msg.c.obj
[475/1147] Building C object esp-idf/lwip/CMakeFiles/__idf_lwip.dir/lwip/src/apps/netbiosns/netbiosns.c.obj
[476/1147] Building C object esp-idf/lwip/CMakeFiles/__idf_lwip.dir/lwip/src/core/def.c.obj
[477/1147] Building C object esp-idf/vfs/CMakeFiles/__idf_vfs.dir/vfs.c.obj
[478/1147] Building C object esp-idf/lwip/CMakeFiles/__idf_lwip.dir/lwip/src/apps/sntp/sntp.c.obj
[479/1147] Building C object esp-idf/lwip/CMakeFiles/__idf_lwip.dir/lwip/src/core/init.c.obj
[480/1147] Building C object esp-idf/lwip/CMakeFiles/__idf_lwip.dir/lwip/src/core/inet_chksum.c.obj
[481/1147] Building C object esp-idf/lwip/CMakeFiles/__idf_lwip.dir/lwip/src/core/mem.c.obj
[482/1147] Building C object esp-idf/lwip/CMakeFiles/__idf_lwip.dir/lwip/src/core/ip.c.obj
[483/1147] Building C object esp-idf/lwip/CMakeFiles/__idf_lwip.dir/lwip/src/core/memp.c.obj
[484/1147] Building C object esp-idf/lwip/CMakeFiles/__idf_lwip.dir/lwip/src/core/stats.c.obj
[485/1147] Building C object esp-idf/lwip/CMakeFiles/__idf_lwip.dir/lwip/src/core/sys.c.obj
[486/1147] Building C object esp-idf/lwip/CMakeFiles/__idf_lwip.dir/lwip/src/core/pbuf.c.obj
[487/1147] Performing configure step for 'bootloader'
-- Found Git: /usr/local/bin/git (found version "2.51.1")
-- Minimal build - OFF
-- The C compiler identification is GNU 14.2.0
-- The CXX compiler identification is GNU 14.2.0
-- The ASM compiler identification is GNU
-- Found assembler: /REDACTED_BUILD_ROOT/idf-tools/tools/riscv32-esp-elf/esp-14.2.0_20241119/riscv32-esp-elf/bin/riscv32-esp-elf-gcc
-- Detecting C compiler ABI info
-- Detecting C compiler ABI info - done
-- Check for working C compiler: /REDACTED_BUILD_ROOT/idf-tools/tools/riscv32-esp-elf/esp-14.2.0_20241119/riscv32-esp-elf/bin/riscv32-esp-elf-gcc - skipped
-- Detecting C compile features
-- Detecting C compile features - done
-- Detecting CXX compiler ABI info
-- Detecting CXX compiler ABI info - done
-- Check for working CXX compiler: /REDACTED_BUILD_ROOT/idf-tools/tools/riscv32-esp-elf/esp-14.2.0_20241119/riscv32-esp-elf/bin/riscv32-esp-elf-g++ - skipped
-- Detecting CXX compile features
-- Detecting CXX compile features - done
-- Building ESP-IDF components for target esp32c6
-- Project sdkconfig file /REDACTED_BUILD_ROOT/espruino-hyperdht/deps/espruino/bin/sdkconfig
-- Adding linker script /REDACTED_BUILD_ROOT/esp-idf/components/riscv/ld/rom.api.ld
-- Adding linker script /REDACTED_BUILD_ROOT/esp-idf/components/soc/esp32c6/ld/esp32c6.peripherals.ld
-- Bootloader project name: "bootloader" version: 1
-- Adding linker script /REDACTED_BUILD_ROOT/esp-idf/components/esp_rom/esp32c6/ld/esp32c6.rom.ld
-- Adding linker script /REDACTED_BUILD_ROOT/esp-idf/components/esp_rom/esp32c6/ld/esp32c6.rom.api.ld
-- Adding linker script /REDACTED_BUILD_ROOT/esp-idf/components/esp_rom/esp32c6/ld/esp32c6.rom.rvfp.ld
-- Adding linker script /REDACTED_BUILD_ROOT/esp-idf/components/esp_rom/esp32c6/ld/esp32c6.rom.wdt.ld
-- Adding linker script /REDACTED_BUILD_ROOT/esp-idf/components/esp_rom/esp32c6/ld/esp32c6.rom.systimer.ld
-- Adding linker script /REDACTED_BUILD_ROOT/esp-idf/components/esp_rom/esp32c6/ld/esp32c6.rom.version.ld
-- Adding linker script /REDACTED_BUILD_ROOT/esp-idf/components/esp_rom/esp32c6/ld/esp32c6.rom.libc.ld
-- Adding linker script /REDACTED_BUILD_ROOT/esp-idf/components/esp_rom/esp32c6/ld/esp32c6.rom.libc-suboptimal_for_misaligned_mem.ld
-- Adding linker script /REDACTED_BUILD_ROOT/esp-idf/components/esp_rom/esp32c6/ld/esp32c6.rom.newlib.ld
-- Adding linker script /REDACTED_BUILD_ROOT/esp-idf/components/bootloader/subproject/main/ld/esp32c6/bootloader.ld
-- Adding linker script /REDACTED_BUILD_ROOT/esp-idf/components/bootloader/subproject/main/ld/esp32c6/bootloader.rom.ld
-- Components: bootloader bootloader_support efuse esp_app_format esp_bootloader_format esp_common esp_hw_support esp_rom esp_security esp_system esp_tee esptool_py freertos hal log main micro-ecc newlib partition_table riscv soc spi_flash
-- Component paths: /REDACTED_BUILD_ROOT/esp-idf/components/bootloader /REDACTED_BUILD_ROOT/esp-idf/components/bootloader_support /REDACTED_BUILD_ROOT/esp-idf/components/efuse /REDACTED_BUILD_ROOT/esp-idf/components/esp_app_format /REDACTED_BUILD_ROOT/esp-idf/components/esp_bootloader_format /REDACTED_BUILD_ROOT/esp-idf/components/esp_common /REDACTED_BUILD_ROOT/esp-idf/components/esp_hw_support /REDACTED_BUILD_ROOT/esp-idf/components/esp_rom /REDACTED_BUILD_ROOT/esp-idf/components/esp_security /REDACTED_BUILD_ROOT/esp-idf/components/esp_system /REDACTED_BUILD_ROOT/esp-idf/components/esp_tee /REDACTED_BUILD_ROOT/esp-idf/components/esptool_py /REDACTED_BUILD_ROOT/esp-idf/components/freertos /REDACTED_BUILD_ROOT/esp-idf/components/hal /REDACTED_BUILD_ROOT/esp-idf/components/log /REDACTED_BUILD_ROOT/esp-idf/components/bootloader/subproject/main /REDACTED_BUILD_ROOT/esp-idf/components/bootloader/subproject/components/micro-ecc /REDACTED_BUILD_ROOT/esp-idf/components/newlib /REDACTED_BUILD_ROOT/esp-idf/components/partition_table /REDACTED_BUILD_ROOT/esp-idf/components/riscv /REDACTED_BUILD_ROOT/esp-idf/components/soc /REDACTED_BUILD_ROOT/esp-idf/components/spi_flash
-- Configuring done (15.7s)
-- Generating done (0.4s)
-- Build files have been written to: /REDACTED_BUILD_ROOT/espruino-hyperdht/deps/espruino/bin/build/bootloader
[488/1147] Building C object esp-idf/lwip/CMakeFiles/__idf_lwip.dir/lwip/src/core/netif.c.obj
[489/1147] Building C object esp-idf/lwip/CMakeFiles/__idf_lwip.dir/lwip/src/core/dns.c.obj
[490/1147] Building C object esp-idf/lwip/CMakeFiles/__idf_lwip.dir/lwip/src/core/timeouts.c.obj
[491/1147] Building C object esp-idf/esp_driver_uart/CMakeFiles/__idf_esp_driver_uart.dir/src/uart.c.obj
[492/1147] Building C object esp-idf/lwip/CMakeFiles/__idf_lwip.dir/lwip/src/core/raw.c.obj
[493/1147] Building C object esp-idf/lwip/CMakeFiles/__idf_lwip.dir/lwip/src/core/ipv4/autoip.c.obj
[494/1147] Building C object esp-idf/lwip/CMakeFiles/__idf_lwip.dir/lwip/src/core/tcp_in.c.obj
[495/1147] Building C object esp-idf/lwip/CMakeFiles/__idf_lwip.dir/lwip/src/core/tcp.c.obj
[496/1147] Building C object esp-idf/lwip/CMakeFiles/__idf_lwip.dir/lwip/src/api/sockets.c.obj
[497/1147] Building C object esp-idf/lwip/CMakeFiles/__idf_lwip.dir/lwip/src/core/ipv4/icmp.c.obj
[498/1147] Building C object esp-idf/lwip/CMakeFiles/__idf_lwip.dir/lwip/src/core/tcp_out.c.obj
[499/1147] Building C object esp-idf/lwip/CMakeFiles/__idf_lwip.dir/lwip/src/core/ipv4/etharp.c.obj
[500/1147] Building C object esp-idf/lwip/CMakeFiles/__idf_lwip.dir/lwip/src/core/udp.c.obj
[501/1147] Building C object esp-idf/lwip/CMakeFiles/__idf_lwip.dir/lwip/src/core/ipv4/igmp.c.obj
[502/1147] Building C object esp-idf/lwip/CMakeFiles/__idf_lwip.dir/lwip/src/core/ipv4/ip4_napt.c.obj
[503/1147] Building C object esp-idf/lwip/CMakeFiles/__idf_lwip.dir/lwip/src/core/ipv6/dhcp6.c.obj
[504/1147] Building C object esp-idf/lwip/CMakeFiles/__idf_lwip.dir/lwip/src/core/ipv4/ip4.c.obj
[505/1147] Building C object esp-idf/lwip/CMakeFiles/__idf_lwip.dir/lwip/src/core/ipv4/ip4_frag.c.obj
[506/1147] Building C object esp-idf/lwip/CMakeFiles/__idf_lwip.dir/lwip/src/core/ipv6/inet6.c.obj
[507/1147] Building C object esp-idf/lwip/CMakeFiles/__idf_lwip.dir/lwip/src/core/ipv6/ethip6.c.obj
[508/1147] Building C object esp-idf/lwip/CMakeFiles/__idf_lwip.dir/lwip/src/core/ipv4/ip4_addr.c.obj
[509/1147] Building C object esp-idf/lwip/CMakeFiles/__idf_lwip.dir/lwip/src/core/ipv6/icmp6.c.obj
[510/1147] Building C object esp-idf/lwip/CMakeFiles/__idf_lwip.dir/lwip/src/core/ipv6/ip6_frag.c.obj
[511/1147] Building C object esp-idf/lwip/CMakeFiles/__idf_lwip.dir/lwip/src/core/ipv6/ip6_addr.c.obj
[512/1147] Building C object esp-idf/lwip/CMakeFiles/__idf_lwip.dir/lwip/src/core/ipv6/mld6.c.obj
[513/1147] Building C object esp-idf/lwip/CMakeFiles/__idf_lwip.dir/lwip/src/core/ipv4/dhcp.c.obj
[514/1147] Building C object esp-idf/lwip/CMakeFiles/__idf_lwip.dir/lwip/src/netif/ppp/auth.c.obj
[515/1147] Building C object esp-idf/lwip/CMakeFiles/__idf_lwip.dir/lwip/src/netif/ppp/ccp.c.obj
[516/1147] Building C object esp-idf/lwip/CMakeFiles/__idf_lwip.dir/lwip/src/netif/slipif.c.obj
[517/1147] Building C object esp-idf/lwip/CMakeFiles/__idf_lwip.dir/lwip/src/netif/ethernet.c.obj
[518/1147] Building C object esp-idf/lwip/CMakeFiles/__idf_lwip.dir/lwip/src/netif/ppp/chap-md5.c.obj
[519/1147] Building C object esp-idf/lwip/CMakeFiles/__idf_lwip.dir/lwip/src/netif/bridgeif.c.obj
[520/1147] Building C object esp-idf/lwip/CMakeFiles/__idf_lwip.dir/lwip/src/netif/ppp/chap-new.c.obj
[521/1147] Building C object esp-idf/lwip/CMakeFiles/__idf_lwip.dir/lwip/src/netif/ppp/chap_ms.c.obj
[522/1147] Building C object esp-idf/lwip/CMakeFiles/__idf_lwip.dir/lwip/src/netif/bridgeif_fdb.c.obj
[523/1147] Building C object esp-idf/lwip/CMakeFiles/__idf_lwip.dir/lwip/src/netif/ppp/demand.c.obj
[524/1147] Building C object esp-idf/lwip/CMakeFiles/__idf_lwip.dir/lwip/src/core/ipv6/ip6.c.obj
[525/1147] Building C object esp-idf/lwip/CMakeFiles/__idf_lwip.dir/lwip/src/netif/ppp/eui64.c.obj
[526/1147] Building C object esp-idf/lwip/CMakeFiles/__idf_lwip.dir/lwip/src/netif/ppp/fsm.c.obj
[527/1147] Building C object esp-idf/lwip/CMakeFiles/__idf_lwip.dir/lwip/src/netif/ppp/eap.c.obj
[528/1147] Building C object esp-idf/lwip/CMakeFiles/__idf_lwip.dir/lwip/src/netif/ppp/ecp.c.obj
[529/1147] Building C object esp-idf/lwip/CMakeFiles/__idf_lwip.dir/lwip/src/netif/ppp/ipcp.c.obj
[530/1147] Building C object esp-idf/lwip/CMakeFiles/__idf_lwip.dir/lwip/src/netif/ppp/ipv6cp.c.obj
[531/1147] Building C object esp-idf/lwip/CMakeFiles/__idf_lwip.dir/lwip/src/netif/ppp/ppp.c.obj
[532/1147] Building C object esp-idf/lwip/CMakeFiles/__idf_lwip.dir/lwip/src/netif/ppp/mppe.c.obj
[533/1147] Building C object esp-idf/lwip/CMakeFiles/__idf_lwip.dir/lwip/src/netif/ppp/multilink.c.obj
[534/1147] Building C object esp-idf/lwip/CMakeFiles/__idf_lwip.dir/lwip/src/netif/ppp/magic.c.obj
[535/1147] Building C object esp-idf/lwip/CMakeFiles/__idf_lwip.dir/lwip/src/netif/ppp/lcp.c.obj
[536/1147] Building C object esp-idf/lwip/CMakeFiles/__idf_lwip.dir/lwip/src/netif/ppp/pppapi.c.obj
[537/1147] Building C object esp-idf/lwip/CMakeFiles/__idf_lwip.dir/lwip/src/netif/ppp/pppcrypt.c.obj
[538/1147] Building C object esp-idf/lwip/CMakeFiles/__idf_lwip.dir/lwip/src/netif/ppp/pppol2tp.c.obj
[539/1147] Building C object esp-idf/lwip/CMakeFiles/__idf_lwip.dir/lwip/src/netif/ppp/pppoe.c.obj
[540/1147] Building C object esp-idf/lwip/CMakeFiles/__idf_lwip.dir/lwip/src/netif/ppp/pppos.c.obj
[541/1147] Building C object esp-idf/lwip/CMakeFiles/__idf_lwip.dir/lwip/src/netif/ppp/upap.c.obj
[542/1147] Building C object esp-idf/lwip/CMakeFiles/__idf_lwip.dir/lwip/src/netif/ppp/utils.c.obj
[543/1147] Building C object esp-idf/lwip/CMakeFiles/__idf_lwip.dir/lwip/src/netif/ppp/vj.c.obj
[544/1147] Building C object esp-idf/lwip/CMakeFiles/__idf_lwip.dir/port/hooks/tcp_isn_default.c.obj
[545/1147] Building C object esp-idf/lwip/CMakeFiles/__idf_lwip.dir/lwip/src/core/ipv6/nd6.c.obj
[546/1147] Building C object esp-idf/lwip/CMakeFiles/__idf_lwip.dir/port/hooks/lwip_default_hooks.c.obj
[547/1147] Building C object esp-idf/lwip/CMakeFiles/__idf_lwip.dir/port/debug/lwip_debug.c.obj
[548/1147] Building C object esp-idf/lwip/CMakeFiles/__idf_lwip.dir/port/if_index.c.obj
[549/1147] Building C object esp-idf/lwip/CMakeFiles/__idf_lwip.dir/port/sockets_ext.c.obj
[550/1147] Building C object esp-idf/lwip/CMakeFiles/__idf_lwip.dir/apps/ping/ping.c.obj
[551/1147] Building C object esp-idf/lwip/CMakeFiles/__idf_lwip.dir/port/esp32xx/vfs_lwip.c.obj
[552/1147] Building C object esp-idf/lwip/CMakeFiles/__idf_lwip.dir/port/acd_dhcp_check.c.obj
[553/1147] Building C object esp-idf/lwip/CMakeFiles/__idf_lwip.dir/port/freertos/sys_arch.c.obj
[554/1147] Building C object esp-idf/lwip/CMakeFiles/__idf_lwip.dir/apps/ping/esp_ping.c.obj
[555/1147] Building C object esp-idf/lwip/CMakeFiles/__idf_lwip.dir/lwip/src/netif/ppp/polarssl/arc4.c.obj
[556/1147] Building C object esp-idf/lwip/CMakeFiles/__idf_lwip.dir/lwip/src/netif/ppp/polarssl/md4.c.obj
[557/1147] Building C object esp-idf/lwip/CMakeFiles/__idf_lwip.dir/lwip/src/netif/ppp/polarssl/des.c.obj
[558/1147] Building C object esp-idf/lwip/CMakeFiles/__idf_lwip.dir/lwip/src/netif/ppp/polarssl/sha1.c.obj
[559/1147] Building C object esp-idf/esp_event/CMakeFiles/__idf_esp_event.dir/default_event_loop.c.obj
[560/1147] Building C object esp-idf/lwip/CMakeFiles/__idf_lwip.dir/lwip/src/netif/ppp/polarssl/md5.c.obj
[561/1147] Building C object esp-idf/esp_netif/CMakeFiles/__idf_esp_netif.dir/esp_netif_objects.c.obj
[562/1147] Building C object esp-idf/esp_netif/CMakeFiles/__idf_esp_netif.dir/esp_netif_defaults.c.obj
[563/1147] Building C object esp-idf/lwip/CMakeFiles/__idf_lwip.dir/apps/ping/ping_sock.c.obj
[564/1147] Building C object esp-idf/esp_event/CMakeFiles/__idf_esp_event.dir/esp_event_private.c.obj
[565/1147] Building C object esp-idf/esp_netif/CMakeFiles/__idf_esp_netif.dir/esp_netif_handlers.c.obj
[566/1147] Building C object esp-idf/esp_netif/CMakeFiles/__idf_esp_netif.dir/lwip/netif/wlanif.c.obj
[567/1147] Building C object esp-idf/esp_netif/CMakeFiles/__idf_esp_netif.dir/lwip/esp_netif_sntp.c.obj
[568/1147] Building C object esp-idf/esp_netif/CMakeFiles/__idf_esp_netif.dir/lwip/esp_netif_lwip_defaults.c.obj
[569/1147] Building C object esp-idf/esp_netif/CMakeFiles/__idf_esp_netif.dir/lwip/netif/esp_pbuf_ref.c.obj
[570/1147] Building C object esp-idf/esp_netif/CMakeFiles/__idf_esp_netif.dir/lwip/netif/ethernetif.c.obj
[571/1147] Building C object esp-idf/esp_event/CMakeFiles/__idf_esp_event.dir/esp_event.c.obj
[572/1147] Building C object esp-idf/lwip/CMakeFiles/__idf_lwip.dir/apps/dhcpserver/dhcpserver.c.obj
[573/1147] Building C object esp-idf/esp_netif/CMakeFiles/__idf_esp_netif.dir/lwip/esp_netif_lwip.c.obj
[574/1147] Building CXX object esp-idf/nvs_flash/CMakeFiles/__idf_nvs_flash.dir/src/nvs_partition.cpp.obj
[575/1147] Building CXX object esp-idf/nvs_flash/CMakeFiles/__idf_nvs_flash.dir/src/nvs_partition_lookup.cpp.obj
[576/1147] Performing build step for 'bootloader'
[1/124] Generating project_elf_src_esp32c6.c
[2/124] Building C object CMakeFiles/bootloader.elf.dir/project_elf_src_esp32c6.c.obj
[3/124] Building C object esp-idf/soc/CMakeFiles/__idf_soc.dir/esp32c6/interrupts.c.obj
[4/124] Building C object esp-idf/soc/CMakeFiles/__idf_soc.dir/lldesc.c.obj
[5/124] Building C object esp-idf/soc/CMakeFiles/__idf_soc.dir/dport_access_common.c.obj
[6/124] Building C object esp-idf/hal/CMakeFiles/__idf_hal.dir/esp32c6/efuse_hal.c.obj
[7/124] Building C object esp-idf/hal/CMakeFiles/__idf_hal.dir/hal_utils.c.obj
[8/124] Building C object esp-idf/soc/CMakeFiles/__idf_soc.dir/esp32c6/gpio_periph.c.obj
[9/124] Building C object esp-idf/hal/CMakeFiles/__idf_hal.dir/lp_timer_hal.c.obj
[10/124] Building C object esp-idf/riscv/CMakeFiles/__idf_riscv.dir/rv_utils.c.obj
[11/124] Building C object esp-idf/soc/CMakeFiles/__idf_soc.dir/esp32c6/uart_periph.c.obj
[12/124] Building C object esp-idf/hal/CMakeFiles/__idf_hal.dir/cache_hal.c.obj
[13/124] Building C object esp-idf/hal/CMakeFiles/__idf_hal.dir/efuse_hal.c.obj
[14/124] Building C object esp-idf/soc/CMakeFiles/__idf_soc.dir/esp32c6/adc_periph.c.obj
[15/124] Building C object esp-idf/soc/CMakeFiles/__idf_soc.dir/esp32c6/etm_periph.c.obj
[16/124] Building C object esp-idf/soc/CMakeFiles/__idf_soc.dir/esp32c6/dedic_gpio_periph.c.obj
[17/124] Building C object esp-idf/soc/CMakeFiles/__idf_soc.dir/esp32c6/gdma_periph.c.obj
[18/124] Building C object esp-idf/soc/CMakeFiles/__idf_soc.dir/esp32c6/ledc_periph.c.obj
[19/124] Building C object esp-idf/soc/CMakeFiles/__idf_soc.dir/esp32c6/pcnt_periph.c.obj
[20/124] Building C object esp-idf/soc/CMakeFiles/__idf_soc.dir/esp32c6/sdm_periph.c.obj
[21/124] Building C object esp-idf/soc/CMakeFiles/__idf_soc.dir/esp32c6/spi_periph.c.obj
[22/124] Building C object esp-idf/soc/CMakeFiles/__idf_soc.dir/esp32c6/rmt_periph.c.obj
[23/124] Building C object esp-idf/soc/CMakeFiles/__idf_soc.dir/esp32c6/i2s_periph.c.obj
[24/124] Building C object esp-idf/hal/CMakeFiles/__idf_hal.dir/mmu_hal.c.obj
[25/124] Building C object esp-idf/soc/CMakeFiles/__idf_soc.dir/esp32c6/i2c_periph.c.obj
[26/124] Building C object esp-idf/soc/CMakeFiles/__idf_soc.dir/esp32c6/timer_periph.c.obj
[27/124] Building C object esp-idf/soc/CMakeFiles/__idf_soc.dir/esp32c6/temperature_sensor_periph.c.obj
[28/124] Building C object esp-idf/soc/CMakeFiles/__idf_soc.dir/esp32c6/parlio_periph.c.obj
[29/124] Building C object esp-idf/soc/CMakeFiles/__idf_soc.dir/esp32c6/mcpwm_periph.c.obj
[30/124] Building C object esp-idf/soc/CMakeFiles/__idf_soc.dir/esp32c6/rtc_io_periph.c.obj
[31/124] Building C object esp-idf/soc/CMakeFiles/__idf_soc.dir/esp32c6/mpi_periph.c.obj
[32/124] Building C object esp-idf/soc/CMakeFiles/__idf_soc.dir/esp32c6/twai_periph.c.obj
[33/124] Building C object esp-idf/soc/CMakeFiles/__idf_soc.dir/esp32c6/wdt_periph.c.obj
[34/124] Building C object esp-idf/soc/CMakeFiles/__idf_soc.dir/esp32c6/ieee802154_periph.c.obj
[35/124] Building C object esp-idf/soc/CMakeFiles/__idf_soc.dir/esp32c6/power_supply_periph.c.obj
[36/124] Building C object esp-idf/esp_bootloader_format/CMakeFiles/__idf_esp_bootloader_format.dir/esp_bootloader_desc.c.obj
[37/124] Building C object esp-idf/soc/CMakeFiles/__idf_soc.dir/esp32c6/system_retention_periph.c.obj
[38/124] Building C object esp-idf/soc/CMakeFiles/__idf_soc.dir/esp32c6/sdio_slave_periph.c.obj
[39/124] Building C object esp-idf/bootloader_support/CMakeFiles/__idf_bootloader_support.dir/src/bootloader_mem.c.obj
[40/124] Building C object esp-idf/spi_flash/CMakeFiles/__idf_spi_flash.dir/spi_flash_wrap.c.obj
[41/124] Building C object esp-idf/bootloader_support/CMakeFiles/__idf_bootloader_support.dir/src/bootloader_random.c.obj
[42/124] Building C object esp-idf/bootloader_support/CMakeFiles/__idf_bootloader_support.dir/src/bootloader_clock_init.c.obj
[43/124] Building C object esp-idf/bootloader_support/CMakeFiles/__idf_bootloader_support.dir/src/secure_boot.c.obj
[44/124] Building C object esp-idf/bootloader_support/CMakeFiles/__idf_bootloader_support.dir/src/bootloader_efuse.c.obj
[45/124] Building C object esp-idf/bootloader_support/CMakeFiles/__idf_bootloader_support.dir/src/bootloader_common.c.obj
[46/124] Building C object esp-idf/bootloader_support/CMakeFiles/__idf_bootloader_support.dir/src/flash_encrypt.c.obj
[47/124] Building C object esp-idf/bootloader_support/CMakeFiles/__idf_bootloader_support.dir/src/bootloader_random_esp32c6.c.obj
[48/124] Building C object esp-idf/bootloader_support/CMakeFiles/__idf_bootloader_support.dir/src/bootloader_sha.c.obj
[49/124] Building C object esp-idf/bootloader_support/CMakeFiles/__idf_bootloader_support.dir/src/esp32c6/bootloader_ecdsa.c.obj
[50/124] Building C object esp-idf/bootloader_support/CMakeFiles/__idf_bootloader_support.dir/src/bootloader_common_loader.c.obj
[51/124] Building C object esp-idf/bootloader_support/CMakeFiles/__idf_bootloader_support.dir/src/flash_partitions.c.obj
[52/124] Building C object esp-idf/bootloader_support/CMakeFiles/__idf_bootloader_support.dir/bootloader_flash/src/flash_qio_mode.c.obj
[53/124] Building C object esp-idf/bootloader_support/CMakeFiles/__idf_bootloader_support.dir/bootloader_flash/src/bootloader_flash_config_esp32c6.c.obj
[54/124] Building C object esp-idf/bootloader_support/CMakeFiles/__idf_bootloader_support.dir/src/bootloader_clock_loader.c.obj
[55/124] Building C object esp-idf/bootloader_support/CMakeFiles/__idf_bootloader_support.dir/src/esp32c6/bootloader_soc.c.obj
[56/124] Building C object esp-idf/bootloader_support/CMakeFiles/__idf_bootloader_support.dir/src/bootloader_console_loader.c.obj
[57/124] Building C object esp-idf/bootloader_support/CMakeFiles/__idf_bootloader_support.dir/bootloader_flash/src/bootloader_flash.c.obj
[58/124] Building C object esp-idf/efuse/CMakeFiles/__idf_efuse.dir/esp32c6/esp_efuse_table.c.obj
[59/124] Building C object esp-idf/bootloader_support/CMakeFiles/__idf_bootloader_support.dir/src/bootloader_panic.c.obj
[60/124] Building C object esp-idf/bootloader_support/CMakeFiles/__idf_bootloader_support.dir/src/bootloader_init.c.obj
[61/124] Building C object esp-idf/bootloader_support/CMakeFiles/__idf_bootloader_support.dir/src/bootloader_utility.c.obj
[62/124] Building C object esp-idf/bootloader_support/CMakeFiles/__idf_bootloader_support.dir/src/bootloader_console.c.obj
[63/124] Building C object esp-idf/efuse/CMakeFiles/__idf_efuse.dir/esp32c6/esp_efuse_fields.c.obj
[64/124] Building C object esp-idf/efuse/CMakeFiles/__idf_efuse.dir/esp32c6/esp_efuse_utility.c.obj
[65/124] Building C object esp-idf/efuse/CMakeFiles/__idf_efuse.dir/src/esp_efuse_fields.c.obj
[66/124] Building C object esp-idf/efuse/CMakeFiles/__idf_efuse.dir/esp32c6/esp_efuse_rtc_calib.c.obj
[67/124] Building C object esp-idf/bootloader_support/CMakeFiles/__idf_bootloader_support.dir/src/esp_image_format.c.obj
[68/124] Building C object esp-idf/bootloader_support/CMakeFiles/__idf_bootloader_support.dir/src/esp32c6/bootloader_esp32c6.c.obj
[69/124] Building C object esp-idf/efuse/CMakeFiles/__idf_efuse.dir/src/esp_efuse_api.c.obj
[70/124] Building C object esp-idf/esp_system/CMakeFiles/__idf_esp_system.dir/esp_err.c.obj
[71/124] Building C object esp-idf/esp_hw_support/CMakeFiles/__idf_esp_hw_support.dir/port/esp32c6/esp_cpu_intr.c.obj
[72/124] Building C object esp-idf/esp_hw_support/CMakeFiles/__idf_esp_hw_support.dir/esp_memory_utils.c.obj
[73/124] Building C object esp-idf/esp_hw_support/CMakeFiles/__idf_esp_hw_support.dir/port/esp32c6/cpu_region_protect.c.obj
[74/124] Building C object esp-idf/esp_hw_support/CMakeFiles/__idf_esp_hw_support.dir/cpu.c.obj
[75/124] Building C object esp-idf/micro-ecc/CMakeFiles/__idf_micro-ecc.dir/uECC_verify_antifault.c.obj
[76/124] Building C object esp-idf/efuse/CMakeFiles/__idf_efuse.dir/src/esp_efuse_utility.c.obj
[77/124] Building C object esp-idf/efuse/CMakeFiles/__idf_efuse.dir/src/efuse_controller/keys/with_key_purposes/esp_efuse_api_key.c.obj
[78/124] Building C object esp-idf/esp_hw_support/CMakeFiles/__idf_esp_hw_support.dir/port/esp32c6/rtc_clk_init.c.obj
[79/124] Building C object esp-idf/esp_hw_support/CMakeFiles/__idf_esp_hw_support.dir/port/esp32c6/chip_info.c.obj
[80/124] Building C object esp-idf/esp_hw_support/CMakeFiles/__idf_esp_hw_support.dir/port/esp32c6/pmu_param.c.obj
[81/124] Building C object esp-idf/esp_common/CMakeFiles/__idf_esp_common.dir/src/esp_err_to_name.c.obj
[82/124] Building C object esp-idf/esp_hw_support/CMakeFiles/__idf_esp_hw_support.dir/port/esp32c6/ocode_init.c.obj
[83/124] Building C object esp-idf/esp_rom/CMakeFiles/__idf_esp_rom.dir/patches/esp_rom_crc.c.obj
[84/124] Building C object esp-idf/esp_rom/CMakeFiles/__idf_esp_rom.dir/patches/esp_rom_sys.c.obj
[85/124] Building C object esp-idf/esp_hw_support/CMakeFiles/__idf_esp_hw_support.dir/port/esp32c6/pmu_init.c.obj
[86/124] Building C object esp-idf/esp_rom/CMakeFiles/__idf_esp_rom.dir/patches/esp_rom_efuse.c.obj
[87/124] Building C object esp-idf/esp_rom/CMakeFiles/__idf_esp_rom.dir/patches/esp_rom_gpio.c.obj
[88/124] Building C object esp-idf/esp_hw_support/CMakeFiles/__idf_esp_hw_support.dir/port/esp32c6/rtc_clk.c.obj
[89/124] Building C object esp-idf/esp_rom/CMakeFiles/__idf_esp_rom.dir/patches/esp_rom_uart.c.obj
[90/124] Building C object esp-idf/esp_hw_support/CMakeFiles/__idf_esp_hw_support.dir/port/esp32c6/rtc_time.c.obj
[91/124] Building C object esp-idf/esp_hw_support/CMakeFiles/__idf_esp_hw_support.dir/port/esp32c6/pmu_sleep.c.obj
[92/124] Building C object esp-idf/esp_rom/CMakeFiles/__idf_esp_rom.dir/patches/esp_rom_spiflash.c.obj
[93/124] Building C object esp-idf/esp_rom/CMakeFiles/__idf_esp_rom.dir/patches/esp_rom_hp_regi2c_esp32c6.c.obj
[94/124] Building C object esp-idf/esp_rom/CMakeFiles/__idf_esp_rom.dir/patches/esp_rom_print.c.obj
[95/124] Building C object esp-idf/log/CMakeFiles/__idf_log.dir/src/noos/util.c.obj
[96/124] Building C object esp-idf/esp_rom/CMakeFiles/__idf_esp_rom.dir/patches/esp_rom_usb_serial.c.obj
[97/124] Building C object esp-idf/esp_rom/CMakeFiles/__idf_esp_rom.dir/patches/esp_rom_systimer.c.obj
[98/124] Building C object esp-idf/log/CMakeFiles/__idf_log.dir/src/noos/log_lock.c.obj
[99/124] Building C object esp-idf/log/CMakeFiles/__idf_log.dir/src/noos/log_timestamp.c.obj
[100/124] Building C object esp-idf/log/CMakeFiles/__idf_log.dir/src/log_timestamp_common.c.obj
[101/124] Building C object esp-idf/log/CMakeFiles/__idf_log.dir/src/buffer/log_buffers.c.obj
[102/124] Building C object esp-idf/log/CMakeFiles/__idf_log.dir/src/util.c.obj
[103/124] Building C object esp-idf/esp_rom/CMakeFiles/__idf_esp_rom.dir/patches/esp_rom_wdt.c.obj
[104/124] Building C object esp-idf/main/CMakeFiles/__idf_main.dir/bootloader_start.c.obj
[105/124] Building C object esp-idf/log/CMakeFiles/__idf_log.dir/src/log_format_text.c.obj
[106/124] Building C object esp-idf/log/CMakeFiles/__idf_log.dir/src/log.c.obj
[107/124] Building C object esp-idf/log/CMakeFiles/__idf_log.dir/src/log_print.c.obj
[108/124] Linking C static library esp-idf/log/liblog.a
[109/124] Linking C static library esp-idf/esp_rom/libesp_rom.a
[110/124] Linking C static library esp-idf/esp_common/libesp_common.a
[111/124] Linking C static library esp-idf/esp_hw_support/libesp_hw_support.a
[112/124] Linking C static library esp-idf/esp_system/libesp_system.a
[113/124] Linking C static library esp-idf/efuse/libefuse.a
[114/124] Linking C static library esp-idf/bootloader_support/libbootloader_support.a
[115/124] Linking C static library esp-idf/esp_bootloader_format/libesp_bootloader_format.a
[116/124] Linking C static library esp-idf/spi_flash/libspi_flash.a
[117/124] Linking C static library esp-idf/micro-ecc/libmicro-ecc.a
[118/124] Linking C static library esp-idf/soc/libsoc.a
[119/124] Linking C static library esp-idf/riscv/libriscv.a
[120/124] Linking C static library esp-idf/hal/libhal.a
[121/124] Linking C static library esp-idf/main/libmain.a
[122/124] Linking C executable bootloader.elf
[123/124] Generating binary image from built executable
esptool.py v4.12.0
Creating esp32c6 image...
Merged 2 ELF sections
Successfully created esp32c6 image.
Generated /REDACTED_BUILD_ROOT/espruino-hyperdht/deps/espruino/bin/build/bootloader/bootloader.bin
[124/124] cd /REDACTED_BUILD_ROOT/espruino-hyperdht/deps/espruino/bin/build/bootloader/esp-idf/esptool_py && /REDACTED_BUILD_ROOT/idf-tools/python_env/idf5.5_py3.12_env/bin/python /REDACTED_BUILD_ROOT/esp-idf/components/partition_table/check_sizes.py --offset 0x8000 bootloader 0x0 /REDACTED_BUILD_ROOT/espruino-hyperdht/deps/espruino/bin/build/bootloader/bootloader.bin
Bootloader binary size 0x4dd0 bytes. 0x3230 bytes (39%) free.
[577/1147] No install step for 'bootloader'
[578/1147] Completed 'bootloader'
[579/1147] Building CXX object esp-idf/nvs_flash/CMakeFiles/__idf_nvs_flash.dir/src/nvs_item_hash_list.cpp.obj
[580/1147] Building CXX object esp-idf/nvs_flash/CMakeFiles/__idf_nvs_flash.dir/src/nvs_platform.cpp.obj
[581/1147] Building CXX object esp-idf/nvs_flash/CMakeFiles/__idf_nvs_flash.dir/src/nvs_cxx_api.cpp.obj
[582/1147] Building CXX object esp-idf/nvs_flash/CMakeFiles/__idf_nvs_flash.dir/src/nvs_handle_simple.cpp.obj
[583/1147] Building C object esp-idf/nvs_flash/CMakeFiles/__idf_nvs_flash.dir/src/nvs_bootloader_aes.c.obj
[584/1147] Building C object esp-idf/nvs_flash/CMakeFiles/__idf_nvs_flash.dir/src/nvs_bootloader.c.obj
[585/1147] Building C object esp-idf/esp_phy/CMakeFiles/__idf_esp_phy.dir/src/lib_printf.c.obj
[586/1147] Building C object esp-idf/esp_phy/CMakeFiles/__idf_esp_phy.dir/src/phy_override.c.obj
[587/1147] Building C object esp-idf/nvs_flash/CMakeFiles/__idf_nvs_flash.dir/src/nvs_bootloader_xts_aes.c.obj
[588/1147] Building C object esp-idf/esp_phy/CMakeFiles/__idf_esp_phy.dir/src/phy_common.c.obj
[589/1147] Building C object esp-idf/esp_phy/CMakeFiles/__idf_esp_phy.dir/esp32c6/phy_init_data.c.obj
[590/1147] Building C object esp-idf/esp_phy/CMakeFiles/__idf_esp_phy.dir/src/btbb_init.c.obj
[591/1147] Building CXX object esp-idf/nvs_flash/CMakeFiles/__idf_nvs_flash.dir/src/nvs_pagemanager.cpp.obj
[592/1147] Building C object esp-idf/esp_phy/CMakeFiles/__idf_esp_phy.dir/src/phy_init.c.obj
[593/1147] Building C object esp-idf/wpa_supplicant/CMakeFiles/__idf_wpa_supplicant.dir/port/os_xtensa.c.obj
[594/1147] Building CXX object esp-idf/nvs_flash/CMakeFiles/__idf_nvs_flash.dir/src/nvs_storage.cpp.obj
[595/1147] Building C object esp-idf/wpa_supplicant/CMakeFiles/__idf_wpa_supplicant.dir/src/ap/ap_config.c.obj
[596/1147] Building CXX object esp-idf/nvs_flash/CMakeFiles/__idf_nvs_flash.dir/src/nvs_handle_locked.cpp.obj
[597/1147] Building C object esp-idf/wpa_supplicant/CMakeFiles/__idf_wpa_supplicant.dir/port/eloop.c.obj
[598/1147] Building C object esp-idf/wpa_supplicant/CMakeFiles/__idf_wpa_supplicant.dir/src/ap/ieee802_1x.c.obj
[599/1147] Building CXX object esp-idf/nvs_flash/CMakeFiles/__idf_nvs_flash.dir/src/nvs_api.cpp.obj
[600/1147] Building C object esp-idf/wpa_supplicant/CMakeFiles/__idf_wpa_supplicant.dir/src/ap/pmksa_cache_auth.c.obj
[601/1147] Building C object esp-idf/wpa_supplicant/CMakeFiles/__idf_wpa_supplicant.dir/src/ap/comeback_token.c.obj
[602/1147] Building C object esp-idf/wpa_supplicant/CMakeFiles/__idf_wpa_supplicant.dir/src/ap/wpa_auth_ie.c.obj
[603/1147] Building C object esp-idf/wpa_supplicant/CMakeFiles/__idf_wpa_supplicant.dir/src/ap/sta_info.c.obj
[604/1147] Building C object esp-idf/wpa_supplicant/CMakeFiles/__idf_wpa_supplicant.dir/src/common/dragonfly.c.obj
[605/1147] Building C object esp-idf/wpa_supplicant/CMakeFiles/__idf_wpa_supplicant.dir/src/ap/ieee802_11.c.obj
[606/1147] Building C object esp-idf/wpa_supplicant/CMakeFiles/__idf_wpa_supplicant.dir/src/utils/bitfield.c.obj
[607/1147] Building CXX object esp-idf/nvs_flash/CMakeFiles/__idf_nvs_flash.dir/src/nvs_page.cpp.obj
[608/1147] Building C object esp-idf/wpa_supplicant/CMakeFiles/__idf_wpa_supplicant.dir/src/common/wpa_common.c.obj
[609/1147] Building CXX object esp-idf/nvs_flash/CMakeFiles/__idf_nvs_flash.dir/src/nvs_partition_manager.cpp.obj
[610/1147] Building C object esp-idf/wpa_supplicant/CMakeFiles/__idf_wpa_supplicant.dir/src/crypto/sha256-kdf.c.obj
[611/1147] Building C object esp-idf/wpa_supplicant/CMakeFiles/__idf_wpa_supplicant.dir/src/crypto/aes-gcm.c.obj
[612/1147] Building C object esp-idf/wpa_supplicant/CMakeFiles/__idf_wpa_supplicant.dir/src/common/sae.c.obj
[613/1147] Building C object esp-idf/wpa_supplicant/CMakeFiles/__idf_wpa_supplicant.dir/src/ap/wpa_auth.c.obj
[614/1147] Building C object esp-idf/wpa_supplicant/CMakeFiles/__idf_wpa_supplicant.dir/src/crypto/dh_group5.c.obj
[615/1147] Building C object esp-idf/wpa_supplicant/CMakeFiles/__idf_wpa_supplicant.dir/src/crypto/aes-siv.c.obj
[616/1147] Building C object esp-idf/wpa_supplicant/CMakeFiles/__idf_wpa_supplicant.dir/src/crypto/ccmp.c.obj
[617/1147] Building C object esp-idf/wpa_supplicant/CMakeFiles/__idf_wpa_supplicant.dir/src/crypto/sha1-tlsprf.c.obj
[618/1147] Building CXX object esp-idf/nvs_flash/CMakeFiles/__idf_nvs_flash.dir/src/nvs_types.cpp.obj
[619/1147] Building C object esp-idf/wpa_supplicant/CMakeFiles/__idf_wpa_supplicant.dir/src/crypto/crypto_ops.c.obj
[620/1147] Building C object esp-idf/wpa_supplicant/CMakeFiles/__idf_wpa_supplicant.dir/src/crypto/dh_groups.c.obj
[621/1147] Building C object esp-idf/wpa_supplicant/CMakeFiles/__idf_wpa_supplicant.dir/src/crypto/ms_funcs.c.obj
[622/1147] Building C object esp-idf/wpa_supplicant/CMakeFiles/__idf_wpa_supplicant.dir/src/crypto/sha256-prf.c.obj
[623/1147] Building C object esp-idf/wpa_supplicant/CMakeFiles/__idf_wpa_supplicant.dir/src/crypto/sha384-tlsprf.c.obj
[624/1147] Building C object esp-idf/wpa_supplicant/CMakeFiles/__idf_wpa_supplicant.dir/src/crypto/sha384-prf.c.obj
[625/1147] Building C object esp-idf/wpa_supplicant/CMakeFiles/__idf_wpa_supplicant.dir/src/crypto/sha256-tlsprf.c.obj
[626/1147] Building C object esp-idf/wpa_supplicant/CMakeFiles/__idf_wpa_supplicant.dir/src/crypto/sha1-tprf.c.obj
[627/1147] Building C object esp-idf/wpa_supplicant/CMakeFiles/__idf_wpa_supplicant.dir/src/crypto/sha1-prf.c.obj
[628/1147] Building C object esp-idf/wpa_supplicant/CMakeFiles/__idf_wpa_supplicant.dir/src/eap_common/eap_wsc_common.c.obj
[629/1147] Building C object esp-idf/wpa_supplicant/CMakeFiles/__idf_wpa_supplicant.dir/src/crypto/md4-internal.c.obj
[630/1147] Building C object esp-idf/wpa_supplicant/CMakeFiles/__idf_wpa_supplicant.dir/src/common/ieee802_11_common.c.obj
[631/1147] Building C object esp-idf/wpa_supplicant/CMakeFiles/__idf_wpa_supplicant.dir/src/eap_peer/eap_common.c.obj
[632/1147] Building C object esp-idf/wpa_supplicant/CMakeFiles/__idf_wpa_supplicant.dir/src/eap_peer/chap.c.obj
[633/1147] Building C object esp-idf/wpa_supplicant/CMakeFiles/__idf_wpa_supplicant.dir/src/eap_peer/eap_peap_common.c.obj
[634/1147] Building C object esp-idf/wpa_supplicant/CMakeFiles/__idf_wpa_supplicant.dir/src/eap_peer/eap_mschapv2.c.obj
[635/1147] Building C object esp-idf/wpa_supplicant/CMakeFiles/__idf_wpa_supplicant.dir/src/eap_peer/mschapv2.c.obj
[636/1147] Building C object esp-idf/wpa_supplicant/CMakeFiles/__idf_wpa_supplicant.dir/src/eap_peer/eap_tls.c.obj
[637/1147] Building C object esp-idf/wpa_supplicant/CMakeFiles/__idf_wpa_supplicant.dir/src/eap_peer/eap_peap.c.obj
[638/1147] Building C object esp-idf/wpa_supplicant/CMakeFiles/__idf_wpa_supplicant.dir/src/eap_peer/eap.c.obj
[639/1147] Building C object esp-idf/wpa_supplicant/CMakeFiles/__idf_wpa_supplicant.dir/src/eap_peer/eap_tls_common.c.obj
[640/1147] Building C object esp-idf/wpa_supplicant/CMakeFiles/__idf_wpa_supplicant.dir/src/eap_peer/eap_fast_pac.c.obj
[641/1147] Building C object esp-idf/wpa_supplicant/CMakeFiles/__idf_wpa_supplicant.dir/src/rsn_supp/wpa_ie.c.obj
[642/1147] Building C object esp-idf/wpa_supplicant/CMakeFiles/__idf_wpa_supplicant.dir/src/eap_peer/eap_fast_common.c.obj
[643/1147] Building C object esp-idf/wpa_supplicant/CMakeFiles/__idf_wpa_supplicant.dir/src/rsn_supp/pmksa_cache.c.obj
[644/1147] Building C object esp-idf/wpa_supplicant/CMakeFiles/__idf_wpa_supplicant.dir/src/utils/common.c.obj
[645/1147] Building C object esp-idf/wpa_supplicant/CMakeFiles/__idf_wpa_supplicant.dir/src/utils/base64.c.obj
[646/1147] Building C object esp-idf/wpa_supplicant/CMakeFiles/__idf_wpa_supplicant.dir/src/utils/uuid.c.obj
[647/1147] Building C object esp-idf/wpa_supplicant/CMakeFiles/__idf_wpa_supplicant.dir/src/eap_peer/eap_fast.c.obj
[648/1147] Building C object esp-idf/wpa_supplicant/CMakeFiles/__idf_wpa_supplicant.dir/src/eap_peer/eap_ttls.c.obj
[649/1147] Building C object esp-idf/wpa_supplicant/CMakeFiles/__idf_wpa_supplicant.dir/src/utils/ext_password.c.obj
[650/1147] Building C object esp-idf/wpa_supplicant/CMakeFiles/__idf_wpa_supplicant.dir/src/utils/wpa_debug.c.obj
[651/1147] Building C object esp-idf/wpa_supplicant/CMakeFiles/__idf_wpa_supplicant.dir/src/utils/wpabuf.c.obj
[652/1147] Building C object esp-idf/wpa_supplicant/CMakeFiles/__idf_wpa_supplicant.dir/src/wps/wps_attr_parse.c.obj
[653/1147] Building C object esp-idf/wpa_supplicant/CMakeFiles/__idf_wpa_supplicant.dir/src/wps/wps.c.obj
[654/1147] Building C object esp-idf/wpa_supplicant/CMakeFiles/__idf_wpa_supplicant.dir/src/utils/json.c.obj
[655/1147] Building C object esp-idf/wpa_supplicant/CMakeFiles/__idf_wpa_supplicant.dir/src/wps/wps_attr_build.c.obj
[656/1147] Building C object esp-idf/wpa_supplicant/CMakeFiles/__idf_wpa_supplicant.dir/src/wps/wps_dev_attr.c.obj
[657/1147] Building C object esp-idf/wpa_supplicant/CMakeFiles/__idf_wpa_supplicant.dir/esp_supplicant/src/esp_wpa2_api_port.c.obj
[658/1147] Building C object esp-idf/wpa_supplicant/CMakeFiles/__idf_wpa_supplicant.dir/src/wps/wps_attr_process.c.obj
[659/1147] Building C object esp-idf/wpa_supplicant/CMakeFiles/__idf_wpa_supplicant.dir/esp_supplicant/src/esp_wpa_main.c.obj
[660/1147] Building C object esp-idf/wpa_supplicant/CMakeFiles/__idf_wpa_supplicant.dir/src/common/sae_pk.c.obj
[661/1147] Building C object esp-idf/wpa_supplicant/CMakeFiles/__idf_wpa_supplicant.dir/esp_supplicant/src/esp_wpas_glue.c.obj
[662/1147] Building C object esp-idf/wpa_supplicant/CMakeFiles/__idf_wpa_supplicant.dir/src/wps/wps_enrollee.c.obj
[663/1147] Building C object esp-idf/wpa_supplicant/CMakeFiles/__idf_wpa_supplicant.dir/esp_supplicant/src/esp_owe.c.obj
[664/1147] Building C object esp-idf/wpa_supplicant/CMakeFiles/__idf_wpa_supplicant.dir/src/wps/wps_common.c.obj
[665/1147] Building CXX object esp-idf/nvs_flash/CMakeFiles/__idf_nvs_flash.dir/src/nvs_encrypted_partition.cpp.obj
[666/1147] Building C object esp-idf/wpa_supplicant/CMakeFiles/__idf_wpa_supplicant.dir/src/rsn_supp/wpa.c.obj
[667/1147] Building C object esp-idf/wpa_supplicant/CMakeFiles/__idf_wpa_supplicant.dir/esp_supplicant/src/esp_hostap.c.obj
[668/1147] Building C object esp-idf/wpa_supplicant/CMakeFiles/__idf_wpa_supplicant.dir/esp_supplicant/src/esp_common.c.obj
[669/1147] Building C object esp-idf/wpa_supplicant/CMakeFiles/__idf_wpa_supplicant.dir/esp_supplicant/src/crypto/tls_mbedtls.c.obj
[670/1147] Building C object esp-idf/wpa_supplicant/CMakeFiles/__idf_wpa_supplicant.dir/esp_supplicant/src/crypto/fastpsk.c.obj
[671/1147] Building C object esp-idf/wpa_supplicant/CMakeFiles/__idf_wpa_supplicant.dir/esp_supplicant/src/crypto/crypto_mbedtls.c.obj
[672/1147] Building C object esp-idf/wpa_supplicant/CMakeFiles/__idf_wpa_supplicant.dir/src/crypto/rc4.c.obj
[673/1147] Building C object esp-idf/wpa_supplicant/CMakeFiles/__idf_wpa_supplicant.dir/esp_supplicant/src/crypto/crypto_mbedtls-bignum.c.obj
[674/1147] Building C object esp-idf/wpa_supplicant/CMakeFiles/__idf_wpa_supplicant.dir/esp_supplicant/src/esp_wpa3.c.obj
[675/1147] Building C object esp-idf/wpa_supplicant/CMakeFiles/__idf_wpa_supplicant.dir/esp_supplicant/src/esp_eap_client.c.obj
[676/1147] Building C object esp-idf/wpa_supplicant/CMakeFiles/__idf_wpa_supplicant.dir/esp_supplicant/src/esp_wps.c.obj
[677/1147] Building C object esp-idf/esp_coex/CMakeFiles/__idf_esp_coex.dir/src/coexist_debug_diagram.c.obj
[678/1147] Building C object esp-idf/wpa_supplicant/CMakeFiles/__idf_wpa_supplicant.dir/src/crypto/aes-wrap.c.obj
[679/1147] Building C object esp-idf/wpa_supplicant/CMakeFiles/__idf_wpa_supplicant.dir/esp_supplicant/src/crypto/fastpbkdf2.c.obj
[680/1147] Building C object esp-idf/esp_coex/CMakeFiles/__idf_esp_coex.dir/src/coexist_debug.c.obj
[681/1147] Building C object esp-idf/wpa_supplicant/CMakeFiles/__idf_wpa_supplicant.dir/esp_supplicant/src/crypto/crypto_mbedtls-rsa.c.obj
[682/1147] Building C object esp-idf/wpa_supplicant/CMakeFiles/__idf_wpa_supplicant.dir/src/crypto/des-internal.c.obj
[683/1147] Building C object esp-idf/esp_coex/CMakeFiles/__idf_esp_coex.dir/esp32c6/esp_coex_adapter.c.obj
[684/1147] Building C object esp-idf/esp_wifi/CMakeFiles/__idf_esp_wifi.dir/src/lib_printf.c.obj
[685/1147] Building C object esp-idf/wpa_supplicant/CMakeFiles/__idf_wpa_supplicant.dir/src/crypto/aes-unwrap.c.obj
[686/1147] Building C object esp-idf/wpa_supplicant/CMakeFiles/__idf_wpa_supplicant.dir/src/crypto/aes-ccm.c.obj
[687/1147] Building C object esp-idf/esp_wifi/CMakeFiles/__idf_esp_wifi.dir/src/mesh_event.c.obj
[688/1147] Building C object esp-idf/esp_wifi/CMakeFiles/__idf_esp_wifi.dir/src/wifi_default_ap.c.obj
[689/1147] Building C object esp-idf/wpa_supplicant/CMakeFiles/__idf_wpa_supplicant.dir/esp_supplicant/src/crypto/crypto_mbedtls-ec.c.obj
[690/1147] Building C object esp-idf/esp_wifi/CMakeFiles/__idf_esp_wifi.dir/regulatory/esp_wifi_regulatory.c.obj
[691/1147] Building C object esp-idf/esp_wifi/CMakeFiles/__idf_esp_wifi.dir/src/wifi_init.c.obj
[692/1147] Building C object esp-idf/esp_wifi/CMakeFiles/__idf_esp_wifi.dir/src/wifi_netif.c.obj
[693/1147] Building C object esp-idf/esp_gdbstub/CMakeFiles/__idf_esp_gdbstub.dir/src/gdbstub_transport.c.obj
[694/1147] Building C object esp-idf/esp_gdbstub/CMakeFiles/__idf_esp_gdbstub.dir/src/port/riscv/gdbstub_riscv.c.obj
[695/1147] Building C object esp-idf/esp_wifi/CMakeFiles/__idf_esp_wifi.dir/src/smartconfig_ack.c.obj
[696/1147] Building C object esp-idf/esp_wifi/CMakeFiles/__idf_esp_wifi.dir/src/wifi_default.c.obj
[697/1147] Building C object esp-idf/esp_wifi/CMakeFiles/__idf_esp_wifi.dir/src/smartconfig.c.obj
[698/1147] Building C object esp-idf/esp_gdbstub/CMakeFiles/__idf_esp_gdbstub.dir/src/packet.c.obj
[699/1147] Building C object esp-idf/esp_gdbstub/CMakeFiles/__idf_esp_gdbstub.dir/src/port/riscv/rv_decode.c.obj
[700/1147] Building C object esp-idf/esp_wifi/CMakeFiles/__idf_esp_wifi.dir/esp32c6/esp_adapter.c.obj
[701/1147] Building C object esp-idf/esp_gdbstub/CMakeFiles/__idf_esp_gdbstub.dir/src/gdbstub.c.obj
[702/1147] Linking C static library esp-idf/esp_gdbstub/libesp_gdbstub.a
[703/1147] Linking C static library esp-idf/esp_wifi/libesp_wifi.a
[704/1147] Linking C static library esp-idf/esp_coex/libesp_coex.a
[705/1147] Linking C static library esp-idf/wpa_supplicant/libwpa_supplicant.a
[706/1147] Linking C static library esp-idf/esp_phy/libesp_phy.a
[707/1147] Linking C static library esp-idf/nvs_flash/libnvs_flash.a
[708/1147] Linking C static library esp-idf/esp_netif/libesp_netif.a
[709/1147] Linking C static library esp-idf/esp_event/libesp_event.a
[710/1147] Linking C static library esp-idf/lwip/liblwip.a
[711/1147] Linking C static library esp-idf/vfs/libvfs.a
[712/1147] Linking C static library esp-idf/esp_vfs_console/libesp_vfs_console.a
[713/1147] Linking C static library esp-idf/esp_driver_usb_serial_jtag/libesp_driver_usb_serial_jtag.a
[714/1147] Linking C static library esp-idf/esp_driver_uart/libesp_driver_uart.a
[715/1147] Linking C static library esp-idf/esp_ringbuf/libesp_ringbuf.a
[716/1147] Linking C static library esp-idf/cxx/libcxx.a
[717/1147] Linking C static library esp-idf/pthread/libpthread.a
[718/1147] Linking C static library esp-idf/newlib/libnewlib.a
[719/1147] Linking C static library esp-idf/freertos/libfreertos.a
[720/1147] Linking C static library esp-idf/esp_hw_support/libesp_hw_support.a
[721/1147] Linking C static library esp-idf/esp_security/libesp_security.a
[722/1147] Linking C static library esp-idf/soc/libsoc.a
[723/1147] Linking C static library esp-idf/heap/libheap.a
[724/1147] Linking C static library esp-idf/log/liblog.a
[725/1147] Linking C static library esp-idf/hal/libhal.a
[726/1147] Linking C static library esp-idf/esp_rom/libesp_rom.a
[727/1147] Linking C static library esp-idf/esp_common/libesp_common.a
[728/1147] Linking C static library esp-idf/esp_system/libesp_system.a
[729/1147] Linking C static library esp-idf/spi_flash/libspi_flash.a
[730/1147] Linking C static library esp-idf/esp_mm/libesp_mm.a
[731/1147] Linking C static library esp-idf/bootloader_support/libbootloader_support.a
[732/1147] Linking C static library esp-idf/efuse/libefuse.a
[733/1147] Linking C static library esp-idf/esp_partition/libesp_partition.a
[734/1147] Linking C static library esp-idf/app_update/libapp_update.a
[735/1147] Linking C static library esp-idf/esp_bootloader_format/libesp_bootloader_format.a
[736/1147] Linking C static library esp-idf/esp_app_format/libesp_app_format.a
[737/1147] Linking CXX static library esp-idf/mbedtls/mbedtls/library/libmbedtls.a
[738/1147] Linking CXX static library esp-idf/mbedtls/mbedtls/library/libmbedx509.a
[739/1147] Linking CXX static library esp-idf/mbedtls/mbedtls/library/libmbedcrypto.a
[740/1147] Linking CXX static library esp-idf/mbedtls/mbedtls/3rdparty/p256-m/libp256m.a
[741/1147] Linking CXX static library esp-idf/mbedtls/mbedtls/3rdparty/everest/libeverest.a
[742/1147] Generating x509_crt_bundle
[743/1147] Generating ../../x509_crt_bundle.S
[744/1147] Building ASM object esp-idf/riscv/CMakeFiles/__idf_riscv.dir/vectors.S.obj
[745/1147] Building ASM object esp-idf/riscv/CMakeFiles/__idf_riscv.dir/vectors_intc.S.obj
[746/1147] Building C object esp-idf/riscv/CMakeFiles/__idf_riscv.dir/instruction_decode.c.obj
[747/1147] Building C object esp-idf/riscv/CMakeFiles/__idf_riscv.dir/rv_utils.c.obj
[748/1147] Building C object esp-idf/riscv/CMakeFiles/__idf_riscv.dir/interrupt.c.obj
[749/1147] Building C object esp-idf/esp_driver_gpio/CMakeFiles/__idf_esp_driver_gpio.dir/src/gpio_glitch_filter_ops.c.obj
[750/1147] Building C object esp-idf/riscv/CMakeFiles/__idf_riscv.dir/interrupt_plic.c.obj
[751/1147] Building C object esp-idf/esp_driver_gpio/CMakeFiles/__idf_esp_driver_gpio.dir/src/gpio_pin_glitch_filter.c.obj
[752/1147] Building C object esp-idf/esp_timer/CMakeFiles/__idf_esp_timer.dir/src/esp_timer_init.c.obj
[753/1147] Building C object esp-idf/esp_timer/CMakeFiles/__idf_esp_timer.dir/src/ets_timer_legacy.c.obj
[754/1147] Building C object esp-idf/esp_driver_gpio/CMakeFiles/__idf_esp_driver_gpio.dir/src/gpio_flex_glitch_filter.c.obj
[755/1147] Building C object esp-idf/esp_timer/CMakeFiles/__idf_esp_timer.dir/src/system_time.c.obj
[756/1147] Building C object esp-idf/esp_driver_gpio/CMakeFiles/__idf_esp_driver_gpio.dir/src/rtc_io.c.obj
[757/1147] Building C object esp-idf/esp_timer/CMakeFiles/__idf_esp_timer.dir/src/esp_timer_impl_common.c.obj
[758/1147] Building C object esp-idf/esp_timer/CMakeFiles/__idf_esp_timer.dir/src/esp_timer_etm.c.obj
[759/1147] Building C object esp-idf/esp_pm/CMakeFiles/__idf_esp_pm.dir/pm_locks.c.obj
[760/1147] Building C object esp-idf/esp_pm/CMakeFiles/__idf_esp_pm.dir/pm_trace.c.obj
[761/1147] Building ASM object esp-idf/mbedtls/CMakeFiles/__idf_mbedtls.dir/__/__/x509_crt_bundle.S.obj
[762/1147] Building C object esp-idf/esp_timer/CMakeFiles/__idf_esp_timer.dir/src/esp_timer.c.obj
[763/1147] Building C object esp-idf/esp_timer/CMakeFiles/__idf_esp_timer.dir/src/esp_timer_impl_systimer.c.obj
[764/1147] Building C object esp-idf/esp_driver_gpio/CMakeFiles/__idf_esp_driver_gpio.dir/src/dedic_gpio.c.obj
[765/1147] Building C object esp-idf/mbedtls/CMakeFiles/__idf_mbedtls.dir/esp_crt_bundle/esp_crt_bundle.c.obj
[766/1147] Building C object esp-idf/libuv-esp32/CMakeFiles/__idf_libuv-esp32.dir/src/uv_handle.c.obj
[767/1147] Building C object esp-idf/libuv-esp32/CMakeFiles/__idf_libuv-esp32.dir/src/uv_async.c.obj
[768/1147] Building C object esp-idf/libuv-esp32/CMakeFiles/__idf_libuv-esp32.dir/src/uv_udp.c.obj
[769/1147] Building C object esp-idf/libuv-esp32/CMakeFiles/__idf_libuv-esp32.dir/src/uv_loop.c.obj
[770/1147] Linking C static library esp-idf/mbedtls/libmbedtls.a
[771/1147] Building C object esp-idf/esp_pm/CMakeFiles/__idf_esp_pm.dir/pm_impl.c.obj
[772/1147] Building C object esp-idf/libuv-esp32/CMakeFiles/__idf_libuv-esp32.dir/src/uv_timer.c.obj
[773/1147] Building C object esp-idf/libuv-esp32/CMakeFiles/__idf_libuv-esp32.dir/src/uv_poll.c.obj
[774/1147] Building C object esp-idf/esp_driver_gpio/CMakeFiles/__idf_esp_driver_gpio.dir/src/gpio_etm.c.obj
[775/1147] Linking C static library esp-idf/esp_pm/libesp_pm.a
[776/1147] Building C object esp-idf/libuv-esp32/CMakeFiles/__idf_libuv-esp32.dir/src/uv_prepare.c.obj
[777/1147] Building C object esp-idf/libuv-esp32/CMakeFiles/__idf_libuv-esp32.dir/src/uv_interface.c.obj
/REDACTED_BUILD_ROOT/espruino-hyperdht/deps/hyperdht/components/libuv-esp32/src/uv_interface.c: In function 'uv_interface_addresses':
/REDACTED_BUILD_ROOT/espruino-hyperdht/deps/hyperdht/components/libuv-esp32/src/uv_interface.c:17:3: warning: 'esp_netif_next' is deprecated: use esp_netif_next_unsafe() either directly or via esp_netif_tcpip_exec [-Wdeprecated-declarations]
   17 |   while ((netif = esp_netif_next(netif)) != NULL)
      |   ^~~~~
In file included from /REDACTED_BUILD_ROOT/espruino-hyperdht/deps/hyperdht/components/libuv-esp32/src/uv_interface.c:10:
/REDACTED_BUILD_ROOT/esp-idf/components/esp_netif/include/esp_netif.h:1113:14: note: declared here
 1113 | esp_netif_t *esp_netif_next(esp_netif_t *esp_netif)
      |              ^~~~~~~~~~~~~~
/REDACTED_BUILD_ROOT/espruino-hyperdht/deps/hyperdht/components/libuv-esp32/src/uv_interface.c:32:3: warning: 'esp_netif_next' is deprecated: use esp_netif_next_unsafe() either directly or via esp_netif_tcpip_exec [-Wdeprecated-declarations]
   32 |   while ((netif = esp_netif_next(netif)) != NULL && i < n) {
      |   ^~~~~
/REDACTED_BUILD_ROOT/esp-idf/components/esp_netif/include/esp_netif.h:1113:14: note: declared here
 1113 | esp_netif_t *esp_netif_next(esp_netif_t *esp_netif)
      |              ^~~~~~~~~~~~~~
[778/1147] Building C object esp-idf/libudx/CMakeFiles/__idf_libudx.dir/REDACTED_BUILD_ROOT/espruino-hyperdht/deps/hyperdht/deps/libudx/src/endian.c.obj
[779/1147] Linking C static library esp-idf/esp_timer/libesp_timer.a
[780/1147] Building C object esp-idf/libuv-esp32/CMakeFiles/__idf_libuv-esp32.dir/src/uv_getaddrinfo.c.obj
[781/1147] Building C object esp-idf/libuv-esp32/CMakeFiles/__idf_libuv-esp32.dir/src/uv_misc.c.obj
[782/1147] Building C object esp-idf/libudx/CMakeFiles/__idf_libudx.dir/REDACTED_BUILD_ROOT/espruino-hyperdht/deps/hyperdht/deps/libudx/src/queue.c.obj
[783/1147] Building C object esp-idf/libudx/CMakeFiles/__idf_libudx.dir/REDACTED_BUILD_ROOT/espruino-hyperdht/deps/hyperdht/deps/libudx/src/cirbuf.c.obj
[784/1147] Building C object esp-idf/libudx/CMakeFiles/__idf_libudx.dir/REDACTED_BUILD_ROOT/espruino-hyperdht/deps/hyperdht/deps/libudx/src/io_posix.c.obj
/REDACTED_BUILD_ROOT/espruino-hyperdht/deps/hyperdht/deps/libudx/src/io_posix.c:1:9: warning: "_GNU_SOURCE" redefined
    1 | #define _GNU_SOURCE
      |         ^~~~~~~~~~~
<command-line>: note: this is the location of the previous definition
[785/1147] Building C object esp-idf/libudx/CMakeFiles/__idf_libudx.dir/REDACTED_BUILD_ROOT/espruino-hyperdht/deps/hyperdht/deps/libudx/src/udx_bbr.c.obj
[786/1147] Building C object esp-idf/libudx/CMakeFiles/__idf_libudx.dir/REDACTED_BUILD_ROOT/espruino-hyperdht/deps/hyperdht/deps/libudx/src/udx_rate.c.obj
[787/1147] Building C object esp-idf/espressif__libsodium/CMakeFiles/__idf_espressif__libsodium.dir/libsodium/src/libsodium/crypto_auth/crypto_auth.c.obj
[788/1147] Building C object esp-idf/espressif__libsodium/CMakeFiles/__idf_espressif__libsodium.dir/libsodium/src/libsodium/crypto_aead/chacha20poly1305/sodium/aead_chacha20poly1305.c.obj
[789/1147] Building C object esp-idf/libudx/CMakeFiles/__idf_libudx.dir/REDACTED_BUILD_ROOT/espruino-hyperdht/deps/hyperdht/deps/libudx/src/win_filter_f64.c.obj
[790/1147] Building C object esp-idf/espressif__libsodium/CMakeFiles/__idf_espressif__libsodium.dir/libsodium/src/libsodium/crypto_aead/xchacha20poly1305/sodium/aead_xchacha20poly1305.c.obj
[791/1147] Building C object esp-idf/libudx/CMakeFiles/__idf_libudx.dir/REDACTED_BUILD_ROOT/espruino-hyperdht/deps/hyperdht/deps/libudx/src/win_filter.c.obj
[792/1147] Building C object esp-idf/esp_driver_gpio/CMakeFiles/__idf_esp_driver_gpio.dir/src/gpio.c.obj
[793/1147] Building C object esp-idf/espressif__libsodium/CMakeFiles/__idf_espressif__libsodium.dir/libsodium/src/libsodium/crypto_auth/hmacsha512/auth_hmacsha512.c.obj
[794/1147] Building C object esp-idf/espressif__libsodium/CMakeFiles/__idf_espressif__libsodium.dir/libsodium/src/libsodium/crypto_auth/hmacsha512256/auth_hmacsha512256.c.obj
[795/1147] Building C object esp-idf/espressif__libsodium/CMakeFiles/__idf_espressif__libsodium.dir/libsodium/src/libsodium/crypto_auth/hmacsha256/auth_hmacsha256.c.obj
[796/1147] Building C object esp-idf/espressif__libsodium/CMakeFiles/__idf_espressif__libsodium.dir/libsodium/src/libsodium/crypto_box/crypto_box_seal.c.obj
[797/1147] Building C object esp-idf/espressif__libsodium/CMakeFiles/__idf_espressif__libsodium.dir/libsodium/src/libsodium/crypto_box/crypto_box.c.obj
[798/1147] Linking C static library esp-idf/esp_driver_gpio/libesp_driver_gpio.a
[799/1147] Building C object esp-idf/espressif__libsodium/CMakeFiles/__idf_espressif__libsodium.dir/libsodium/src/libsodium/crypto_box/crypto_box_easy.c.obj
[800/1147] Building C object esp-idf/espressif__libsodium/CMakeFiles/__idf_espressif__libsodium.dir/libsodium/src/libsodium/crypto_box/curve25519xchacha20poly1305/box_seal_curve25519xchacha20poly1305.c.obj
[801/1147] Building C object esp-idf/espressif__libsodium/CMakeFiles/__idf_espressif__libsodium.dir/libsodium/src/libsodium/crypto_box/curve25519xchacha20poly1305/box_curve25519xchacha20poly1305.c.obj
[802/1147] Building C object esp-idf/espressif__libsodium/CMakeFiles/__idf_espressif__libsodium.dir/libsodium/src/libsodium/crypto_box/curve25519xsalsa20poly1305/box_curve25519xsalsa20poly1305.c.obj
[803/1147] Building C object esp-idf/espressif__libsodium/CMakeFiles/__idf_espressif__libsodium.dir/libsodium/src/libsodium/crypto_core/hsalsa20/core_hsalsa20.c.obj
[804/1147] Linking C static library esp-idf/riscv/libriscv.a
[805/1147] Building C object esp-idf/espressif__libsodium/CMakeFiles/__idf_espressif__libsodium.dir/libsodium/src/libsodium/crypto_core/hchacha20/core_hchacha20.c.obj
[806/1147] Building C object esp-idf/espressif__libsodium/CMakeFiles/__idf_espressif__libsodium.dir/libsodium/src/libsodium/crypto_core/hsalsa20/ref2/core_hsalsa20_ref2.c.obj
[807/1147] Linking C static library esp-idf/libuv-esp32/liblibuv-esp32.a
[808/1147] Building C object esp-idf/espressif__libsodium/CMakeFiles/__idf_espressif__libsodium.dir/libsodium/src/libsodium/crypto_generichash/blake2b/ref/blake2b-compress-avx2.c.obj
[809/1147] Building C object esp-idf/espressif__libsodium/CMakeFiles/__idf_espressif__libsodium.dir/libsodium/src/libsodium/crypto_core/ed25519/core_ed25519.c.obj
[810/1147] Building C object esp-idf/espressif__libsodium/CMakeFiles/__idf_espressif__libsodium.dir/libsodium/src/libsodium/crypto_core/ed25519/core_ristretto255.c.obj
[811/1147] Building C object esp-idf/espressif__libsodium/CMakeFiles/__idf_espressif__libsodium.dir/libsodium/src/libsodium/crypto_core/salsa/ref/core_salsa_ref.c.obj
[812/1147] Building C object esp-idf/espressif__libsodium/CMakeFiles/__idf_espressif__libsodium.dir/libsodium/src/libsodium/crypto_generichash/blake2b/generichash_blake2.c.obj
[813/1147] Building C object esp-idf/espressif__libsodium/CMakeFiles/__idf_espressif__libsodium.dir/libsodium/src/libsodium/crypto_generichash/blake2b/ref/blake2b-compress-ssse3.c.obj
[814/1147] Building C object esp-idf/espressif__libsodium/CMakeFiles/__idf_espressif__libsodium.dir/libsodium/src/libsodium/crypto_hash/crypto_hash.c.obj
[815/1147] Building C object esp-idf/espressif__libsodium/CMakeFiles/__idf_espressif__libsodium.dir/libsodium/src/libsodium/crypto_generichash/crypto_generichash.c.obj
[816/1147] Building C object esp-idf/espressif__libsodium/CMakeFiles/__idf_espressif__libsodium.dir/libsodium/src/libsodium/crypto_hash/sha256/hash_sha256.c.obj
[817/1147] Building C object esp-idf/espressif__libsodium/CMakeFiles/__idf_espressif__libsodium.dir/libsodium/src/libsodium/crypto_generichash/blake2b/ref/generichash_blake2b.c.obj
[818/1147] Building C object esp-idf/espressif__libsodium/CMakeFiles/__idf_espressif__libsodium.dir/libsodium/src/libsodium/crypto_hash/sha512/hash_sha512.c.obj
[819/1147] Building C object esp-idf/espressif__libsodium/CMakeFiles/__idf_espressif__libsodium.dir/libsodium/src/libsodium/crypto_kdf/crypto_kdf.c.obj
[820/1147] Building C object esp-idf/espressif__libsodium/CMakeFiles/__idf_espressif__libsodium.dir/libsodium/src/libsodium/crypto_kdf/blake2b/kdf_blake2b.c.obj
[821/1147] Building C object esp-idf/espressif__libsodium/CMakeFiles/__idf_espressif__libsodium.dir/libsodium/src/libsodium/crypto_kx/crypto_kx.c.obj
[822/1147] Building C object esp-idf/espressif__libsodium/CMakeFiles/__idf_espressif__libsodium.dir/libsodium/src/libsodium/crypto_onetimeauth/crypto_onetimeauth.c.obj
[823/1147] Building C object esp-idf/libudx/CMakeFiles/__idf_libudx.dir/REDACTED_BUILD_ROOT/espruino-hyperdht/deps/hyperdht/deps/libudx/src/udx.c.obj
[824/1147] Building C object esp-idf/espressif__libsodium/CMakeFiles/__idf_espressif__libsodium.dir/libsodium/src/libsodium/crypto_onetimeauth/poly1305/onetimeauth_poly1305.c.obj
[825/1147] Building C object esp-idf/espressif__libsodium/CMakeFiles/__idf_espressif__libsodium.dir/libsodium/src/libsodium/crypto_pwhash/argon2/argon2-fill-block-avx2.c.obj
[826/1147] Building C object esp-idf/espressif__libsodium/CMakeFiles/__idf_espressif__libsodium.dir/libsodium/src/libsodium/crypto_generichash/blake2b/ref/blake2b-ref.c.obj
[827/1147] Linking C static library esp-idf/libudx/liblibudx.a
[828/1147] Building C object esp-idf/espressif__libsodium/CMakeFiles/__idf_espressif__libsodium.dir/libsodium/src/libsodium/crypto_onetimeauth/poly1305/donna/poly1305_donna.c.obj
[829/1147] Building C object esp-idf/espressif__libsodium/CMakeFiles/__idf_espressif__libsodium.dir/libsodium/src/libsodium/crypto_pwhash/argon2/argon2-encoding.c.obj
[830/1147] Building C object esp-idf/espressif__libsodium/CMakeFiles/__idf_espressif__libsodium.dir/libsodium/src/libsodium/crypto_pwhash/argon2/argon2-core.c.obj
[831/1147] Building C object esp-idf/espressif__libsodium/CMakeFiles/__idf_espressif__libsodium.dir/libsodium/src/libsodium/crypto_pwhash/argon2/argon2-fill-block-avx512f.c.obj
[832/1147] Building C object esp-idf/espressif__libsodium/CMakeFiles/__idf_espressif__libsodium.dir/libsodium/src/libsodium/crypto_hash/sha256/cp/hash_sha256_cp.c.obj
[833/1147] Building C object esp-idf/espressif__libsodium/CMakeFiles/__idf_espressif__libsodium.dir/libsodium/src/libsodium/crypto_pwhash/argon2/argon2-fill-block-ssse3.c.obj
[834/1147] Building C object esp-idf/espressif__libsodium/CMakeFiles/__idf_espressif__libsodium.dir/libsodium/src/libsodium/crypto_pwhash/argon2/blake2b-long.c.obj
[835/1147] Building C object esp-idf/espressif__libsodium/CMakeFiles/__idf_espressif__libsodium.dir/libsodium/src/libsodium/crypto_hash/sha512/cp/hash_sha512_cp.c.obj
[836/1147] Building C object esp-idf/espressif__libsodium/CMakeFiles/__idf_espressif__libsodium.dir/libsodium/src/libsodium/crypto_pwhash/argon2/argon2.c.obj
[837/1147] Building C object esp-idf/espressif__libsodium/CMakeFiles/__idf_espressif__libsodium.dir/libsodium/src/libsodium/crypto_pwhash/argon2/pwhash_argon2i.c.obj
[838/1147] Building C object esp-idf/espressif__libsodium/CMakeFiles/__idf_espressif__libsodium.dir/libsodium/src/libsodium/crypto_pwhash/argon2/pwhash_argon2id.c.obj
[839/1147] Building C object esp-idf/espressif__libsodium/CMakeFiles/__idf_espressif__libsodium.dir/libsodium/src/libsodium/crypto_generichash/blake2b/ref/blake2b-compress-ref.c.obj
[840/1147] Building C object esp-idf/espressif__libsodium/CMakeFiles/__idf_espressif__libsodium.dir/libsodium/src/libsodium/crypto_pwhash/crypto_pwhash.c.obj
[841/1147] Building C object esp-idf/espressif__libsodium/CMakeFiles/__idf_espressif__libsodium.dir/libsodium/src/libsodium/crypto_pwhash/scryptsalsa208sha256/crypto_scrypt-common.c.obj
[842/1147] Building C object esp-idf/espressif__libsodium/CMakeFiles/__idf_espressif__libsodium.dir/libsodium/src/libsodium/crypto_pwhash/scryptsalsa208sha256/pbkdf2-sha256.c.obj
[843/1147] Building C object esp-idf/espressif__libsodium/CMakeFiles/__idf_espressif__libsodium.dir/libsodium/src/libsodium/crypto_scalarmult/crypto_scalarmult.c.obj
[844/1147] Building ASM object esp-idf/espressif__libsodium/CMakeFiles/__idf_espressif__libsodium.dir/libsodium/src/libsodium/crypto_scalarmult/curve25519/sandy2x/consts.S.obj
[845/1147] Building C object esp-idf/espressif__libsodium/CMakeFiles/__idf_espressif__libsodium.dir/libsodium/src/libsodium/crypto_scalarmult/curve25519/sandy2x/curve25519_sandy2x.c.obj
[846/1147] Building ASM object esp-idf/espressif__libsodium/CMakeFiles/__idf_espressif__libsodium.dir/libsodium/src/libsodium/crypto_scalarmult/curve25519/sandy2x/fe51_nsquare.S.obj
[847/1147] Building C object esp-idf/espressif__libsodium/CMakeFiles/__idf_espressif__libsodium.dir/libsodium/src/libsodium/crypto_scalarmult/curve25519/sandy2x/fe51_invert.c.obj
[848/1147] Building ASM object esp-idf/espressif__libsodium/CMakeFiles/__idf_espressif__libsodium.dir/libsodium/src/libsodium/crypto_scalarmult/curve25519/sandy2x/fe51_mul.S.obj
[849/1147] Building ASM object esp-idf/espressif__libsodium/CMakeFiles/__idf_espressif__libsodium.dir/libsodium/src/libsodium/crypto_scalarmult/curve25519/sandy2x/fe51_pack.S.obj
[850/1147] Building ASM object esp-idf/espressif__libsodium/CMakeFiles/__idf_espressif__libsodium.dir/libsodium/src/libsodium/crypto_scalarmult/curve25519/sandy2x/sandy2x.S.obj
[851/1147] Building C object esp-idf/espressif__libsodium/CMakeFiles/__idf_espressif__libsodium.dir/libsodium/src/libsodium/crypto_pwhash/scryptsalsa208sha256/nosse/pwhash_scryptsalsa208sha256_nosse.c.obj
[852/1147] Building ASM object esp-idf/espressif__libsodium/CMakeFiles/__idf_espressif__libsodium.dir/libsodium/src/libsodium/crypto_scalarmult/curve25519/sandy2x/ladder.S.obj
[853/1147] Building C object esp-idf/espressif__libsodium/CMakeFiles/__idf_espressif__libsodium.dir/libsodium/src/libsodium/crypto_pwhash/scryptsalsa208sha256/scrypt_platform.c.obj
[854/1147] Building C object esp-idf/espressif__libsodium/CMakeFiles/__idf_espressif__libsodium.dir/libsodium/src/libsodium/crypto_scalarmult/curve25519/sandy2x/fe_frombytes_sandy2x.c.obj
[855/1147] Building C object esp-idf/espressif__libsodium/CMakeFiles/__idf_espressif__libsodium.dir/libsodium/src/libsodium/crypto_pwhash/scryptsalsa208sha256/pwhash_scryptsalsa208sha256.c.obj
[856/1147] Building C object esp-idf/espressif__libsodium/CMakeFiles/__idf_espressif__libsodium.dir/libsodium/src/libsodium/crypto_scalarmult/curve25519/scalarmult_curve25519.c.obj
[857/1147] Building C object esp-idf/espressif__libsodium/CMakeFiles/__idf_espressif__libsodium.dir/libsodium/src/libsodium/crypto_scalarmult/ristretto255/ref10/scalarmult_ristretto255_ref10.c.obj
[858/1147] Building C object esp-idf/espressif__libsodium/CMakeFiles/__idf_espressif__libsodium.dir/libsodium/src/libsodium/crypto_scalarmult/ed25519/ref10/scalarmult_ed25519_ref10.c.obj
[859/1147] Building C object esp-idf/espressif__libsodium/CMakeFiles/__idf_espressif__libsodium.dir/libsodium/src/libsodium/crypto_secretbox/xsalsa20poly1305/secretbox_xsalsa20poly1305.c.obj
[860/1147] Building C object esp-idf/espressif__libsodium/CMakeFiles/__idf_espressif__libsodium.dir/libsodium/src/libsodium/crypto_secretbox/crypto_secretbox.c.obj
[861/1147] Building C object esp-idf/espressif__libsodium/CMakeFiles/__idf_espressif__libsodium.dir/libsodium/src/libsodium/crypto_secretbox/xchacha20poly1305/secretbox_xchacha20poly1305.c.obj
[862/1147] Building C object esp-idf/espressif__libsodium/CMakeFiles/__idf_espressif__libsodium.dir/libsodium/src/libsodium/crypto_secretstream/xchacha20poly1305/secretstream_xchacha20poly1305.c.obj
[863/1147] Building C object esp-idf/espressif__libsodium/CMakeFiles/__idf_espressif__libsodium.dir/libsodium/src/libsodium/crypto_pwhash/argon2/argon2-fill-block-ref.c.obj
[864/1147] Building C object esp-idf/espressif__libsodium/CMakeFiles/__idf_espressif__libsodium.dir/libsodium/src/libsodium/crypto_shorthash/crypto_shorthash.c.obj
[865/1147] Building C object esp-idf/espressif__libsodium/CMakeFiles/__idf_espressif__libsodium.dir/libsodium/src/libsodium/crypto_secretbox/crypto_secretbox_easy.c.obj
[866/1147] Building C object esp-idf/espressif__libsodium/CMakeFiles/__idf_espressif__libsodium.dir/libsodium/src/libsodium/crypto_shorthash/siphash24/shorthash_siphashx24.c.obj
[867/1147] Building C object esp-idf/espressif__libsodium/CMakeFiles/__idf_espressif__libsodium.dir/libsodium/src/libsodium/crypto_shorthash/siphash24/shorthash_siphash24.c.obj
[868/1147] Building C object esp-idf/espressif__libsodium/CMakeFiles/__idf_espressif__libsodium.dir/libsodium/src/libsodium/crypto_sign/crypto_sign.c.obj
[869/1147] Building C object esp-idf/espressif__libsodium/CMakeFiles/__idf_espressif__libsodium.dir/libsodium/src/libsodium/crypto_scalarmult/curve25519/ref10/x25519_ref10.c.obj
[870/1147] Building C object esp-idf/espressif__libsodium/CMakeFiles/__idf_espressif__libsodium.dir/libsodium/src/libsodium/crypto_shorthash/siphash24/ref/shorthash_siphashx24_ref.c.obj
[871/1147] Building C object esp-idf/espressif__libsodium/CMakeFiles/__idf_espressif__libsodium.dir/libsodium/src/libsodium/crypto_stream/chacha20/dolbeau/chacha20_dolbeau-avx2.c.obj
[872/1147] Building C object esp-idf/espressif__libsodium/CMakeFiles/__idf_espressif__libsodium.dir/libsodium/src/libsodium/crypto_shorthash/siphash24/ref/shorthash_siphash24_ref.c.obj
[873/1147] Building C object esp-idf/espressif__libsodium/CMakeFiles/__idf_espressif__libsodium.dir/libsodium/src/libsodium/crypto_sign/ed25519/sign_ed25519.c.obj
[874/1147] Building C object esp-idf/espressif__libsodium/CMakeFiles/__idf_espressif__libsodium.dir/libsodium/src/libsodium/crypto_stream/chacha20/dolbeau/chacha20_dolbeau-ssse3.c.obj
[875/1147] Building C object esp-idf/espressif__libsodium/CMakeFiles/__idf_espressif__libsodium.dir/libsodium/src/libsodium/crypto_sign/ed25519/ref10/open.c.obj
[876/1147] Building C object esp-idf/espressif__libsodium/CMakeFiles/__idf_espressif__libsodium.dir/libsodium/src/libsodium/crypto_sign/ed25519/ref10/sign.c.obj
[877/1147] Building C object esp-idf/espressif__libsodium/CMakeFiles/__idf_espressif__libsodium.dir/libsodium/src/libsodium/crypto_sign/ed25519/ref10/obsolete.c.obj
[878/1147] Building ASM object esp-idf/espressif__libsodium/CMakeFiles/__idf_espressif__libsodium.dir/libsodium/src/libsodium/crypto_stream/salsa20/xmm6/salsa20_xmm6-asm.S.obj
[879/1147] Building C object esp-idf/espressif__libsodium/CMakeFiles/__idf_espressif__libsodium.dir/libsodium/src/libsodium/crypto_stream/salsa20/xmm6/salsa20_xmm6.c.obj
[880/1147] Building C object esp-idf/espressif__libsodium/CMakeFiles/__idf_espressif__libsodium.dir/libsodium/src/libsodium/crypto_stream/crypto_stream.c.obj
[881/1147] Building C object esp-idf/espressif__libsodium/CMakeFiles/__idf_espressif__libsodium.dir/libsodium/src/libsodium/crypto_stream/salsa20/stream_salsa20.c.obj
[882/1147] Building C object esp-idf/espressif__libsodium/CMakeFiles/__idf_espressif__libsodium.dir/libsodium/src/libsodium/crypto_stream/salsa20/xmm6int/salsa20_xmm6int-sse2.c.obj
[883/1147] Building C object esp-idf/espressif__libsodium/CMakeFiles/__idf_espressif__libsodium.dir/libsodium/src/libsodium/crypto_sign/ed25519/ref10/keypair.c.obj
[884/1147] Building C object esp-idf/espressif__libsodium/CMakeFiles/__idf_espressif__libsodium.dir/libsodium/src/libsodium/crypto_stream/salsa20/xmm6int/salsa20_xmm6int-avx2.c.obj
[885/1147] Building C object esp-idf/espressif__libsodium/CMakeFiles/__idf_espressif__libsodium.dir/libsodium/src/libsodium/crypto_stream/salsa2012/stream_salsa2012.c.obj
[886/1147] Building C object esp-idf/espressif__libsodium/CMakeFiles/__idf_espressif__libsodium.dir/libsodium/src/libsodium/crypto_stream/chacha20/ref/chacha20_ref.c.obj
[887/1147] Building C object esp-idf/espressif__libsodium/CMakeFiles/__idf_espressif__libsodium.dir/libsodium/src/libsodium/crypto_stream/salsa208/stream_salsa208.c.obj
[888/1147] Building C object esp-idf/espressif__libsodium/CMakeFiles/__idf_espressif__libsodium.dir/libsodium/src/libsodium/crypto_stream/salsa20/ref/salsa20_ref.c.obj
[889/1147] Building C object esp-idf/espressif__libsodium/CMakeFiles/__idf_espressif__libsodium.dir/libsodium/src/libsodium/crypto_stream/chacha20/stream_chacha20.c.obj
[890/1147] Building C object esp-idf/espressif__libsodium/CMakeFiles/__idf_espressif__libsodium.dir/libsodium/src/libsodium/crypto_stream/salsa2012/ref/stream_salsa2012_ref.c.obj
[891/1147] Building C object esp-idf/espressif__libsodium/CMakeFiles/__idf_espressif__libsodium.dir/libsodium/src/libsodium/crypto_stream/salsa208/ref/stream_salsa208_ref.c.obj
[892/1147] Building C object esp-idf/espressif__libsodium/CMakeFiles/__idf_espressif__libsodium.dir/libsodium/src/libsodium/crypto_stream/xchacha20/stream_xchacha20.c.obj
[893/1147] Building C object esp-idf/espressif__libsodium/CMakeFiles/__idf_espressif__libsodium.dir/libsodium/src/libsodium/crypto_stream/xsalsa20/stream_xsalsa20.c.obj
[894/1147] Building C object esp-idf/espressif__libsodium/CMakeFiles/__idf_espressif__libsodium.dir/libsodium/src/libsodium/crypto_verify/sodium/verify.c.obj
[895/1147] Building C object esp-idf/espressif__libsodium/CMakeFiles/__idf_espressif__libsodium.dir/libsodium/src/libsodium/sodium/core.c.obj
[896/1147] Building C object esp-idf/espressif__libsodium/CMakeFiles/__idf_espressif__libsodium.dir/port/randombytes_esp32.c.obj
[897/1147] Building C object esp-idf/espressif__libsodium/CMakeFiles/__idf_espressif__libsodium.dir/libsodium/src/libsodium/sodium/runtime.c.obj
[898/1147] Building C object esp-idf/espressif__libsodium/CMakeFiles/__idf_espressif__libsodium.dir/libsodium/src/libsodium/sodium/version.c.obj
[899/1147] Building C object esp-idf/espressif__libsodium/CMakeFiles/__idf_espressif__libsodium.dir/libsodium/src/libsodium/randombytes/randombytes.c.obj
[900/1147] Building C object esp-idf/espressif__libsodium/CMakeFiles/__idf_espressif__libsodium.dir/libsodium/src/libsodium/crypto_core/ed25519/ref10/ed25519_ref10.c.obj
[901/1147] Building C object esp-idf/espressif__libsodium/CMakeFiles/__idf_espressif__libsodium.dir/libsodium/src/libsodium/sodium/utils.c.obj
[902/1147] Building C object esp-idf/espressif__libsodium/CMakeFiles/__idf_espressif__libsodium.dir/libsodium/src/libsodium/sodium/codecs.c.obj
[903/1147] Linking C static library esp-idf/espressif__libsodium/libespressif__libsodium.a
[904/1147] Building CXX object esp-idf/hyperdht/CMakeFiles/__idf_hyperdht.dir/REDACTED_BUILD_ROOT/espruino-hyperdht/deps/hyperdht/src/dht_ops.cpp.obj
[905/1147] Building CXX object esp-idf/hyperdht/CMakeFiles/__idf_hyperdht.dir/REDACTED_BUILD_ROOT/espruino-hyperdht/deps/hyperdht/src/server_connection.cpp.obj
[906/1147] Building CXX object esp-idf/hyperdht/CMakeFiles/__idf_hyperdht.dir/REDACTED_BUILD_ROOT/espruino-hyperdht/deps/hyperdht/src/ffi_stream.cpp.obj
[907/1147] Building CXX object esp-idf/hyperdht/CMakeFiles/__idf_hyperdht.dir/REDACTED_BUILD_ROOT/espruino-hyperdht/deps/hyperdht/src/ffi_server.cpp.obj
[908/1147] Building CXX object esp-idf/hyperdht/CMakeFiles/__idf_hyperdht.dir/REDACTED_BUILD_ROOT/espruino-hyperdht/deps/hyperdht/src/dht_network.cpp.obj
[909/1147] Building CXX object esp-idf/hyperdht/CMakeFiles/__idf_hyperdht.dir/REDACTED_BUILD_ROOT/espruino-hyperdht/deps/hyperdht/src/peer_connect.cpp.obj
[910/1147] Building CXX object esp-idf/hyperdht/CMakeFiles/__idf_hyperdht.dir/REDACTED_BUILD_ROOT/espruino-hyperdht/deps/hyperdht/src/relay_upgrade.cpp.obj
[911/1147] Building CXX object esp-idf/hyperdht/CMakeFiles/__idf_hyperdht.dir/REDACTED_BUILD_ROOT/espruino-hyperdht/deps/hyperdht/src/dht_storage.cpp.obj
[912/1147] Building CXX object esp-idf/hyperdht/CMakeFiles/__idf_hyperdht.dir/REDACTED_BUILD_ROOT/espruino-hyperdht/deps/hyperdht/src/dht.cpp.obj
[913/1147] Building CXX object esp-idf/hyperdht/CMakeFiles/__idf_hyperdht.dir/REDACTED_BUILD_ROOT/espruino-hyperdht/deps/hyperdht/src/announce_sig.cpp.obj
[914/1147] Building CXX object esp-idf/hyperdht/CMakeFiles/__idf_hyperdht.dir/REDACTED_BUILD_ROOT/espruino-hyperdht/deps/hyperdht/src/ffi_core.cpp.obj
[915/1147] Building CXX object esp-idf/hyperdht/CMakeFiles/__idf_hyperdht.dir/REDACTED_BUILD_ROOT/espruino-hyperdht/deps/hyperdht/src/announce.cpp.obj
[916/1147] Building CXX object esp-idf/hyperdht/CMakeFiles/__idf_hyperdht.dir/REDACTED_BUILD_ROOT/espruino-hyperdht/deps/hyperdht/src/ffi_storage.cpp.obj
[917/1147] Building CXX object esp-idf/hyperdht/CMakeFiles/__idf_hyperdht.dir/REDACTED_BUILD_ROOT/espruino-hyperdht/deps/hyperdht/src/query.cpp.obj
[918/1147] Building CXX object esp-idf/hyperdht/CMakeFiles/__idf_hyperdht.dir/REDACTED_BUILD_ROOT/espruino-hyperdht/deps/hyperdht/src/connect.cpp.obj
[919/1147] Building CXX object esp-idf/hyperdht/CMakeFiles/__idf_hyperdht.dir/REDACTED_BUILD_ROOT/espruino-hyperdht/deps/hyperdht/src/tokens.cpp.obj
[920/1147] Building CXX object esp-idf/hyperdht/CMakeFiles/__idf_hyperdht.dir/REDACTED_BUILD_ROOT/espruino-hyperdht/deps/hyperdht/src/announcer.cpp.obj
/REDACTED_BUILD_ROOT/espruino-hyperdht/deps/hyperdht/src/announcer.cpp: In member function 'void hyperdht::announcer::Announcer::build_relays()':
/REDACTED_BUILD_ROOT/espruino-hyperdht/deps/hyperdht/src/announcer.cpp:706:22: warning: unused variable 'ri' [-Wunused-variable]
  706 |     for (const auto& ri : relays_) {
      |                      ^~
[921/1147] Building CXX object esp-idf/hyperdht/CMakeFiles/__idf_hyperdht.dir/REDACTED_BUILD_ROOT/espruino-hyperdht/deps/hyperdht/src/routing_table.cpp.obj
[922/1147] Building CXX object esp-idf/hyperdht/CMakeFiles/__idf_hyperdht.dir/REDACTED_BUILD_ROOT/espruino-hyperdht/deps/hyperdht/src/noise_wrap.cpp.obj
[923/1147] Building CXX object esp-idf/hyperdht/CMakeFiles/__idf_hyperdht.dir/REDACTED_BUILD_ROOT/espruino-hyperdht/deps/hyperdht/src/blind_relay.cpp.obj
[924/1147] Building CXX object esp-idf/hyperdht/CMakeFiles/__idf_hyperdht.dir/REDACTED_BUILD_ROOT/espruino-hyperdht/deps/hyperdht/src/messages.cpp.obj
[925/1147] Building CXX object esp-idf/hyperdht/CMakeFiles/__idf_hyperdht.dir/REDACTED_BUILD_ROOT/espruino-hyperdht/deps/hyperdht/src/compact.cpp.obj
[926/1147] Building CXX object esp-idf/hyperdht/CMakeFiles/__idf_hyperdht.dir/REDACTED_BUILD_ROOT/espruino-hyperdht/deps/hyperdht/src/router.cpp.obj
[927/1147] Building CXX object esp-idf/hyperdht/CMakeFiles/__idf_hyperdht.dir/REDACTED_BUILD_ROOT/espruino-hyperdht/deps/hyperdht/src/udx.cpp.obj
[928/1147] Building CXX object esp-idf/hyperdht/CMakeFiles/__idf_hyperdht.dir/REDACTED_BUILD_ROOT/espruino-hyperdht/deps/hyperdht/src/health.cpp.obj
/REDACTED_BUILD_ROOT/espruino-hyperdht/deps/hyperdht/src/health.cpp: In member function 'hyperdht::health::State hyperdht::health::HealthMonitor::update(uint32_t, uint32_t)':
/REDACTED_BUILD_ROOT/espruino-hyperdht/deps/hyperdht/src/health.cpp:42:9: warning: unused variable 'prev_head' [-Wunused-variable]
   42 |     int prev_head = head_;
      |         ^~~~~~~~~
[929/1147] Building CXX object esp-idf/hyperdht/CMakeFiles/__idf_hyperdht.dir/REDACTED_BUILD_ROOT/espruino-hyperdht/deps/hyperdht/src/secret_stream.cpp.obj
[930/1147] Building CXX object esp-idf/hyperdht/CMakeFiles/__idf_hyperdht.dir/REDACTED_BUILD_ROOT/espruino-hyperdht/deps/hyperdht/src/dht_messages.cpp.obj
[931/1147] Building C object esp-idf/console/CMakeFiles/__idf_console.dir/commands.c.obj
[932/1147] Building C object esp-idf/console/CMakeFiles/__idf_console.dir/esp_console_repl_internal.c.obj
[933/1147] Building C object esp-idf/console/CMakeFiles/__idf_console.dir/esp_console_common.c.obj
[934/1147] Building C object esp-idf/console/CMakeFiles/__idf_console.dir/split_argv.c.obj
[935/1147] Building CXX object esp-idf/hyperdht/CMakeFiles/__idf_hyperdht.dir/REDACTED_BUILD_ROOT/espruino-hyperdht/deps/hyperdht/src/rpc.cpp.obj
[936/1147] Building C object esp-idf/console/CMakeFiles/__idf_console.dir/esp_console_repl_chip.c.obj
[937/1147] Building C object esp-idf/console/CMakeFiles/__idf_console.dir/argtable3/arg_cmd.c.obj
[938/1147] Building C object esp-idf/console/CMakeFiles/__idf_console.dir/argtable3/arg_date.c.obj
[939/1147] Building C object esp-idf/console/CMakeFiles/__idf_console.dir/argtable3/arg_dbl.c.obj
[940/1147] Building C object esp-idf/console/CMakeFiles/__idf_console.dir/linenoise/linenoise.c.obj
[941/1147] Building C object esp-idf/console/CMakeFiles/__idf_console.dir/argtable3/arg_dstr.c.obj
[942/1147] Building C object esp-idf/console/CMakeFiles/__idf_console.dir/argtable3/arg_end.c.obj
[943/1147] Building C object esp-idf/console/CMakeFiles/__idf_console.dir/argtable3/arg_file.c.obj
[944/1147] Building C object esp-idf/console/CMakeFiles/__idf_console.dir/argtable3/arg_lit.c.obj
[945/1147] Building C object esp-idf/console/CMakeFiles/__idf_console.dir/argtable3/arg_int.c.obj
[946/1147] Building CXX object esp-idf/hyperdht/CMakeFiles/__idf_hyperdht.dir/REDACTED_BUILD_ROOT/espruino-hyperdht/deps/hyperdht/src/protomux.cpp.obj
[947/1147] Building C object esp-idf/console/CMakeFiles/__idf_console.dir/argtable3/arg_rem.c.obj
[948/1147] Building C object esp-idf/console/CMakeFiles/__idf_console.dir/argtable3/arg_hashtable.c.obj
[949/1147] Building CXX object esp-idf/hyperdht/CMakeFiles/__idf_hyperdht.dir/REDACTED_BUILD_ROOT/espruino-hyperdht/deps/hyperdht/src/rpc_handlers.cpp.obj
[950/1147] Building CXX object esp-idf/hyperdht/CMakeFiles/__idf_hyperdht.dir/REDACTED_BUILD_ROOT/espruino-hyperdht/deps/hyperdht/src/async_utils.cpp.obj
[951/1147] Building CXX object esp-idf/hyperdht/CMakeFiles/__idf_hyperdht.dir/REDACTED_BUILD_ROOT/espruino-hyperdht/deps/hyperdht/src/server.cpp.obj
[952/1147] Building C object esp-idf/console/CMakeFiles/__idf_console.dir/argtable3/arg_str.c.obj
[953/1147] Building C object esp-idf/console/CMakeFiles/__idf_console.dir/argtable3/arg_utils.c.obj
[954/1147] Building CXX object esp-idf/hyperdht/CMakeFiles/__idf_hyperdht.dir/REDACTED_BUILD_ROOT/espruino-hyperdht/deps/hyperdht/src/holepunch.cpp.obj
/REDACTED_BUILD_ROOT/espruino-hyperdht/deps/hyperdht/src/holepunch.cpp: In member function 'void hyperdht::holepunch::PoolSocket::send_inflight(Inflight*)':
/REDACTED_BUILD_ROOT/espruino-hyperdht/deps/hyperdht/src/holepunch.cpp:1099:9: warning: unused variable 'attempt_no' [-Wunused-variable]
 1099 |     int attempt_no = MAX_REQUEST_ATTEMPTS - inf->attempts_left + 1;
      |         ^~~~~~~~~~
[955/1147] Building C object esp-idf/console/CMakeFiles/__idf_console.dir/argtable3/arg_rex.c.obj
[956/1147] Building C object esp-idf/console/CMakeFiles/__idf_console.dir/argtable3/argtable3.c.obj
[957/1147] Building C object esp-idf/espressif__mdns/CMakeFiles/__idf_espressif__mdns.dir/mdns_netif.c.obj
[958/1147] Building C object esp-idf/espressif__mdns/CMakeFiles/__idf_espressif__mdns.dir/mdns_utils.c.obj
[959/1147] Linking C static library esp-idf/console/libconsole.a
[960/1147] Building C object esp-idf/espressif__mdns/CMakeFiles/__idf_espressif__mdns.dir/mdns_debug.c.obj
[961/1147] Building CXX object esp-idf/hyperdht/CMakeFiles/__idf_hyperdht.dir/REDACTED_BUILD_ROOT/espruino-hyperdht/deps/hyperdht/src/socket_pool.cpp.obj
[962/1147] Building C object esp-idf/espressif__mdns/CMakeFiles/__idf_espressif__mdns.dir/mdns_responder.c.obj
[963/1147] Building C object esp-idf/espressif__mdns/CMakeFiles/__idf_espressif__mdns.dir/mdns_service.c.obj
[964/1147] Building C object esp-idf/espressif__mdns/CMakeFiles/__idf_espressif__mdns.dir/mdns_mem_caps.c.obj
[965/1147] Building C object esp-idf/espressif__mdns/CMakeFiles/__idf_espressif__mdns.dir/mdns_receive.c.obj
[966/1147] Building CXX object esp-idf/hyperdht/CMakeFiles/__idf_hyperdht.dir/REDACTED_BUILD_ROOT/espruino-hyperdht/deps/hyperdht/src/connection_pool.cpp.obj
[967/1147] Building CXX object esp-idf/hyperdht/CMakeFiles/__idf_hyperdht.dir/REDACTED_BUILD_ROOT/espruino-hyperdht/deps/hyperdht/src/nat_sampler.cpp.obj
[968/1147] Building C object esp-idf/espressif__mdns/CMakeFiles/__idf_espressif__mdns.dir/mdns_browser.c.obj
[969/1147] Building C object esp-idf/espressif__mdns/CMakeFiles/__idf_espressif__mdns.dir/mdns_networking_lwip.c.obj
[970/1147] Building C object esp-idf/espressif__mdns/CMakeFiles/__idf_espressif__mdns.dir/mdns_cache.c.obj
[971/1147] Building C object esp-idf/espressif__mdns/CMakeFiles/__idf_espressif__mdns.dir/mdns_pcb.c.obj
[972/1147] Building C object esp-idf/espressif__mdns/CMakeFiles/__idf_espressif__mdns.dir/mdns_send.c.obj
[973/1147] Building C object esp-idf/esp_driver_spi/CMakeFiles/__idf_esp_driver_spi.dir/src/gpspi/spi_common.c.obj
[974/1147] Building C object esp-idf/espressif__mdns/CMakeFiles/__idf_espressif__mdns.dir/mdns_querier.c.obj
[975/1147] Building C object esp-idf/esp_driver_gptimer/CMakeFiles/__idf_esp_driver_gptimer.dir/src/gptimer_common.c.obj
[976/1147] Building C object esp-idf/esp_driver_spi/CMakeFiles/__idf_esp_driver_spi.dir/src/gpspi/spi_slave_hd.c.obj
[977/1147] Building C object esp-idf/espressif__mdns/CMakeFiles/__idf_espressif__mdns.dir/mdns_console.c.obj
[978/1147] Building C object esp-idf/esp_driver_spi/CMakeFiles/__idf_esp_driver_spi.dir/src/gpspi/spi_slave.c.obj
[979/1147] Linking C static library esp-idf/hyperdht/libhyperdht.a
[980/1147] Building C object esp-idf/esp_driver_gptimer/CMakeFiles/__idf_esp_driver_gptimer.dir/src/gptimer_etm.c.obj
[981/1147] Linking C static library esp-idf/espressif__mdns/libespressif__mdns.a
[982/1147] Building C object esp-idf/esp_driver_gptimer/CMakeFiles/__idf_esp_driver_gptimer.dir/src/gptimer.c.obj
[983/1147] Building C object esp-idf/esp_driver_mcpwm/CMakeFiles/__idf_esp_driver_mcpwm.dir/src/mcpwm_cmpr.c.obj
[984/1147] Linking C static library esp-idf/esp_driver_gptimer/libesp_driver_gptimer.a
[985/1147] Building C object esp-idf/esp_driver_mcpwm/CMakeFiles/__idf_esp_driver_mcpwm.dir/src/mcpwm_fault.c.obj
[986/1147] Building C object esp-idf/esp_driver_mcpwm/CMakeFiles/__idf_esp_driver_mcpwm.dir/src/mcpwm_cap.c.obj
[987/1147] Building C object esp-idf/esp_driver_mcpwm/CMakeFiles/__idf_esp_driver_mcpwm.dir/src/mcpwm_com.c.obj
[988/1147] Building C object esp-idf/esp_driver_mcpwm/CMakeFiles/__idf_esp_driver_mcpwm.dir/src/mcpwm_oper.c.obj
[989/1147] Building C object esp-idf/esp_driver_mcpwm/CMakeFiles/__idf_esp_driver_mcpwm.dir/src/mcpwm_sync.c.obj
[990/1147] Building C object esp-idf/esp_driver_mcpwm/CMakeFiles/__idf_esp_driver_mcpwm.dir/src/mcpwm_timer.c.obj
[991/1147] Building C object esp-idf/esp_driver_pcnt/CMakeFiles/__idf_esp_driver_pcnt.dir/src/pulse_cnt.c.obj
[992/1147] Building C object esp-idf/esp_driver_mcpwm/CMakeFiles/__idf_esp_driver_mcpwm.dir/src/mcpwm_etm.c.obj
[993/1147] Building C object esp-idf/esp_driver_i2s/CMakeFiles/__idf_esp_driver_i2s.dir/i2s_etm.c.obj
[994/1147] Linking C static library esp-idf/esp_driver_pcnt/libesp_driver_pcnt.a
[995/1147] Building C object esp-idf/esp_driver_mcpwm/CMakeFiles/__idf_esp_driver_mcpwm.dir/src/mcpwm_gen.c.obj
[996/1147] Building C object esp-idf/esp_driver_i2s/CMakeFiles/__idf_esp_driver_i2s.dir/i2s_std.c.obj
[997/1147] Linking C static library esp-idf/esp_driver_mcpwm/libesp_driver_mcpwm.a
[998/1147] Building C object esp-idf/esp_driver_spi/CMakeFiles/__idf_esp_driver_spi.dir/src/gpspi/spi_master.c.obj
[999/1147] Building C object esp-idf/esp_driver_i2s/CMakeFiles/__idf_esp_driver_i2s.dir/i2s_platform.c.obj
[1000/1147] Building C object esp-idf/esp_driver_i2s/CMakeFiles/__idf_esp_driver_i2s.dir/i2s_tdm.c.obj
[1001/1147] Building C object esp-idf/sdmmc/CMakeFiles/__idf_sdmmc.dir/sdmmc_init.c.obj
[1002/1147] Linking C static library esp-idf/esp_driver_spi/libesp_driver_spi.a
[1003/1147] Building C object esp-idf/esp_driver_i2s/CMakeFiles/__idf_esp_driver_i2s.dir/i2s_common.c.obj
[1004/1147] Building C object esp-idf/esp_driver_sdspi/CMakeFiles/__idf_esp_driver_sdspi.dir/src/sdspi_crc.c.obj
[1005/1147] Building C object esp-idf/sdmmc/CMakeFiles/__idf_sdmmc.dir/sd_pwr_ctrl/sd_pwr_ctrl.c.obj
[1006/1147] Building C object esp-idf/esp_driver_i2s/CMakeFiles/__idf_esp_driver_i2s.dir/i2s_pdm.c.obj
[1007/1147] Building C object esp-idf/sdmmc/CMakeFiles/__idf_sdmmc.dir/sdmmc_cmd.c.obj
[1008/1147] Building C object esp-idf/sdmmc/CMakeFiles/__idf_sdmmc.dir/sdmmc_mmc.c.obj
[1009/1147] Linking C static library esp-idf/esp_driver_i2s/libesp_driver_i2s.a
[1010/1147] Building C object esp-idf/sdmmc/CMakeFiles/__idf_sdmmc.dir/sdmmc_common.c.obj
[1011/1147] Building C object esp-idf/sdmmc/CMakeFiles/__idf_sdmmc.dir/sdmmc_io.c.obj
[1012/1147] Building C object esp-idf/esp_driver_sdspi/CMakeFiles/__idf_esp_driver_sdspi.dir/src/sdspi_transaction.c.obj
[1013/1147] Building C object esp-idf/esp_driver_rmt/CMakeFiles/__idf_esp_driver_rmt.dir/src/rmt_encoder.c.obj
[1014/1147] Building C object esp-idf/esp_driver_rmt/CMakeFiles/__idf_esp_driver_rmt.dir/src/rmt_encoder_simple.c.obj
[1015/1147] Building C object esp-idf/esp_driver_sdspi/CMakeFiles/__idf_esp_driver_sdspi.dir/src/sdspi_host.c.obj
[1016/1147] Building C object esp-idf/sdmmc/CMakeFiles/__idf_sdmmc.dir/sdmmc_sd.c.obj
[1017/1147] Building C object esp-idf/esp_driver_rmt/CMakeFiles/__idf_esp_driver_rmt.dir/src/rmt_encoder_bytes.c.obj
[1018/1147] Building C object esp-idf/esp_driver_rmt/CMakeFiles/__idf_esp_driver_rmt.dir/src/rmt_encoder_copy.c.obj
[1019/1147] Linking C static library esp-idf/sdmmc/libsdmmc.a
[1020/1147] Building C object esp-idf/esp_driver_rmt/CMakeFiles/__idf_esp_driver_rmt.dir/src/rmt_common.c.obj
[1021/1147] Linking C static library esp-idf/esp_driver_sdspi/libesp_driver_sdspi.a
[1022/1147] Building C object esp-idf/esp_driver_tsens/CMakeFiles/__idf_esp_driver_tsens.dir/src/temperature_sensor_etm.c.obj
[1023/1147] Building C object esp-idf/esp_driver_tsens/CMakeFiles/__idf_esp_driver_tsens.dir/src/temperature_sensor.c.obj
[1024/1147] Building C object esp-idf/esp_driver_sdm/CMakeFiles/__idf_esp_driver_sdm.dir/src/sdm.c.obj
[1025/1147] Linking C static library esp-idf/esp_driver_tsens/libesp_driver_tsens.a
[1026/1147] Linking C static library esp-idf/esp_driver_sdm/libesp_driver_sdm.a
[1027/1147] Building C object esp-idf/esp_driver_rmt/CMakeFiles/__idf_esp_driver_rmt.dir/src/rmt_tx.c.obj
[1028/1147] Building C object esp-idf/esp_driver_i2c/CMakeFiles/__idf_esp_driver_i2c.dir/i2c_common.c.obj
[1029/1147] Building C object esp-idf/esp_driver_i2c/CMakeFiles/__idf_esp_driver_i2c.dir/i2c_slave.c.obj
[1030/1147] Building C object esp-idf/esp_driver_sdio/CMakeFiles/__idf_esp_driver_sdio.dir/src/sdio_slave.c.obj
[1031/1147] Building C object esp-idf/esp_driver_parlio/CMakeFiles/__idf_esp_driver_parlio.dir/src/parlio_common.c.obj
[1032/1147] Linking C static library esp-idf/esp_driver_sdio/libesp_driver_sdio.a
[1033/1147] Building C object esp-idf/esp_driver_rmt/CMakeFiles/__idf_esp_driver_rmt.dir/src/rmt_rx.c.obj
[1034/1147] Building C object esp-idf/esp_driver_twai/CMakeFiles/__idf_esp_driver_twai.dir/esp_twai.c.obj
[1035/1147] Building C object esp-idf/esp_driver_parlio/CMakeFiles/__idf_esp_driver_parlio.dir/src/parlio_tx.c.obj
[1036/1147] Linking C static library esp-idf/esp_driver_rmt/libesp_driver_rmt.a
[1037/1147] Building C object esp-idf/driver/CMakeFiles/__idf_driver.dir/deprecated/adc_dma_legacy.c.obj
[1038/1147] Building C object esp-idf/esp_driver_i2c/CMakeFiles/__idf_esp_driver_i2c.dir/i2c_master.c.obj
[1039/1147] Linking C static library esp-idf/esp_driver_i2c/libesp_driver_i2c.a
[1040/1147] Building C object esp-idf/esp_driver_parlio/CMakeFiles/__idf_esp_driver_parlio.dir/src/parlio_rx.c.obj
[1041/1147] Building C object esp-idf/driver/CMakeFiles/__idf_driver.dir/deprecated/adc_legacy.c.obj
[1042/1147] Linking C static library esp-idf/esp_driver_parlio/libesp_driver_parlio.a
[1043/1147] Building C object esp-idf/driver/CMakeFiles/__idf_driver.dir/deprecated/timer_legacy.c.obj
[1044/1147] Building C object esp-idf/driver/CMakeFiles/__idf_driver.dir/deprecated/pcnt_legacy.c.obj
[1045/1147] Building C object esp-idf/esp_driver_twai/CMakeFiles/__idf_esp_driver_twai.dir/esp_twai_onchip.c.obj
[1046/1147] Building C object esp-idf/driver/CMakeFiles/__idf_driver.dir/deprecated/rtc_temperature_legacy.c.obj
[1047/1147] Linking C static library esp-idf/esp_driver_twai/libesp_driver_twai.a
[1048/1147] Building C object esp-idf/esp_driver_ledc/CMakeFiles/__idf_esp_driver_ledc.dir/src/ledc.c.obj
[1049/1147] Building C object esp-idf/driver/CMakeFiles/__idf_driver.dir/i2c/i2c.c.obj
[1050/1147] Linking C static library esp-idf/esp_driver_ledc/libesp_driver_ledc.a
[1051/1147] Building C object esp-idf/esp_adc/CMakeFiles/__idf_esp_adc.dir/adc_common.c.obj
[1052/1147] Building C object esp-idf/esp_adc/CMakeFiles/__idf_esp_adc.dir/adc_cali.c.obj
[1053/1147] Building C object esp-idf/driver/CMakeFiles/__idf_driver.dir/deprecated/sigma_delta_legacy.c.obj
[1054/1147] Building C object esp-idf/driver/CMakeFiles/__idf_driver.dir/deprecated/mcpwm_legacy.c.obj
[1055/1147] Building C object esp-idf/driver/CMakeFiles/__idf_driver.dir/twai/twai.c.obj
[1056/1147] Building C object esp-idf/esp_adc/CMakeFiles/__idf_esp_adc.dir/deprecated/esp_adc_cal_common_legacy.c.obj
[1057/1147] Building C object esp-idf/esp_adc/CMakeFiles/__idf_esp_adc.dir/adc_cali_curve_fitting.c.obj
[1058/1147] Building C object esp-idf/esp_adc/CMakeFiles/__idf_esp_adc.dir/esp32c6/curve_fitting_coefficients.c.obj
[1059/1147] Building C object esp-idf/esp_adc/CMakeFiles/__idf_esp_adc.dir/adc_oneshot.c.obj
[1060/1147] Building C object esp-idf/esp_adc/CMakeFiles/__idf_esp_adc.dir/gdma/adc_dma.c.obj
[1061/1147] Building C object esp-idf/main/CMakeFiles/__idf_main.dir/REDACTED_BUILD_ROOT/espruino-hyperdht/deps/espruino/src/jsflags.c.obj
[1062/1147] Building C object esp-idf/esp_adc/CMakeFiles/__idf_esp_adc.dir/adc_filter.c.obj
[1063/1147] Building C object esp-idf/driver/CMakeFiles/__idf_driver.dir/deprecated/rmt_legacy.c.obj
[1064/1147] Building C object esp-idf/esp_adc/CMakeFiles/__idf_esp_adc.dir/adc_monitor.c.obj
[1065/1147] Building C object esp-idf/main/CMakeFiles/__idf_main.dir/REDACTED_BUILD_ROOT/espruino-hyperdht/deps/espruino/libs/hyperdht/client.c.obj
[1066/1147] Building C object esp-idf/main/CMakeFiles/__idf_main.dir/REDACTED_BUILD_ROOT/espruino-hyperdht/deps/espruino/src/jsnative.c.obj
[1067/1147] Building C object esp-idf/driver/CMakeFiles/__idf_driver.dir/deprecated/i2s_legacy.c.obj
[1068/1147] Building C object esp-idf/esp_adc/CMakeFiles/__idf_esp_adc.dir/adc_continuous.c.obj
[1069/1147] Linking C static library esp-idf/driver/libdriver.a
[1070/1147] Building C object esp-idf/main/CMakeFiles/__idf_main.dir/REDACTED_BUILD_ROOT/espruino-hyperdht/deps/espruino/src/jsutils.c.obj
[1071/1147] Linking C static library esp-idf/esp_adc/libesp_adc.a
[1072/1147] Building C object esp-idf/main/CMakeFiles/__idf_main.dir/REDACTED_BUILD_ROOT/espruino-hyperdht/deps/espruino/src/jspin.c.obj
[1073/1147] Building C object esp-idf/main/CMakeFiles/__idf_main.dir/REDACTED_BUILD_ROOT/espruino-hyperdht/deps/espruino/src/jsvariterator.c.obj
[1074/1147] Building C object esp-idf/main/CMakeFiles/__idf_main.dir/REDACTED_BUILD_ROOT/espruino-hyperdht/deps/espruino/src/jslex.c.obj
[1075/1147] Building C object esp-idf/main/CMakeFiles/__idf_main.dir/REDACTED_BUILD_ROOT/espruino-hyperdht/deps/espruino/src/jsflash.c.obj
[1076/1147] Building C object esp-idf/main/CMakeFiles/__idf_main.dir/REDACTED_BUILD_ROOT/espruino-hyperdht/deps/espruino/src/jsi2c.c.obj
[1077/1147] Building C object esp-idf/main/CMakeFiles/__idf_main.dir/REDACTED_BUILD_ROOT/espruino-hyperdht/deps/espruino/src/jsserial.c.obj
[1078/1147] Building C object esp-idf/main/CMakeFiles/__idf_main.dir/REDACTED_BUILD_ROOT/espruino-hyperdht/deps/espruino/src/jsspi.c.obj
[1079/1147] Building C object esp-idf/main/CMakeFiles/__idf_main.dir/REDACTED_BUILD_ROOT/espruino-hyperdht/deps/espruino/src/jshardware_common.c.obj
[1080/1147] Building C object esp-idf/main/CMakeFiles/__idf_main.dir/REDACTED_BUILD_ROOT/espruino-hyperdht/deps/espruino/libs/compression/heatshrink/heatshrink_decoder.c.obj
[1081/1147] Building C object esp-idf/main/CMakeFiles/__idf_main.dir/REDACTED_BUILD_ROOT/espruino-hyperdht/deps/espruino/libs/compression/compress_heatshrink.c.obj
[1082/1147] Building C object esp-idf/main/CMakeFiles/__idf_main.dir/REDACTED_BUILD_ROOT/espruino-hyperdht/deps/espruino/src/jstimer.c.obj
[1083/1147] Building C object esp-idf/main/CMakeFiles/__idf_main.dir/REDACTED_BUILD_ROOT/espruino-hyperdht/deps/espruino/src/jsdevices.c.obj
/REDACTED_BUILD_ROOT/espruino-hyperdht/deps/espruino/src/jsdevices.c:451:1: warning: ignoring attribute 'section (".iram1.3")' because it conflicts with previous 'section (".iram1.0")' [-Wattributes]
  451 | bool CALLED_FROM_INTERRUPT jshPushEvent(IOEventFlags evt, uint8_t *data, unsigned int length) {
      | ^~~~
In file included from /REDACTED_BUILD_ROOT/espruino-hyperdht/deps/espruino/src/jsdevices.c:15:
/REDACTED_BUILD_ROOT/espruino-hyperdht/deps/espruino/src/jsdevices.h:191:28: note: previous declaration here
  191 | bool CALLED_FROM_INTERRUPT jshPushEvent(IOEventFlags evt, uint8_t *data, unsigned int length);
      |                            ^~~~~~~~~~~~
/REDACTED_BUILD_ROOT/espruino-hyperdht/deps/espruino/src/jsdevices.c:485:1: warning: ignoring attribute 'section (".iram1.4")' because it conflicts with previous 'section (".iram1.1")' [-Wattributes]
  485 | bool CALLED_FROM_INTERRUPT jshPushCustomEvent(IOCustomEventFlags customFlags) {
      | ^~~~
/REDACTED_BUILD_ROOT/espruino-hyperdht/deps/espruino/src/jsdevices.h:193:28: note: previous declaration here
  193 | bool CALLED_FROM_INTERRUPT jshPushCustomEvent(IOCustomEventFlags customFlags);
      |                            ^~~~~~~~~~~~~~~~~~
/REDACTED_BUILD_ROOT/espruino-hyperdht/deps/espruino/src/jsdevices.c: In function 'jshPushIOCharEvents':
/REDACTED_BUILD_ROOT/espruino-hyperdht/deps/espruino/src/jsdevices.c:504:43: warning: passing argument 2 of 'jshPushIOCharEventsHandler' discards 'const' qualifier from pointer target type [-Wdiscarded-qualifiers]
  504 |   if (jshPushIOCharEventsHandler(channel, data, count)) return;
      |                                           ^~~~
/REDACTED_BUILD_ROOT/espruino-hyperdht/deps/espruino/src/jsdevices.c:490:68: note: expected 'char *' but argument is of type 'const char *'
  490 | static bool jshPushIOCharEventsHandler(IOEventFlags channel, char *data, unsigned int count) {
      |                                                              ~~~~~~^~~~
[1084/1147] Building C object esp-idf/main/CMakeFiles/__idf_main.dir/REDACTED_BUILD_ROOT/espruino-hyperdht/deps/espruino/libs/network/socketerrors.c.obj
[1085/1147] Building C object esp-idf/main/CMakeFiles/__idf_main.dir/REDACTED_BUILD_ROOT/espruino-hyperdht/deps/espruino/libs/network/network.c.obj
[1086/1147] Building C object esp-idf/main/CMakeFiles/__idf_main.dir/REDACTED_BUILD_ROOT/espruino-hyperdht/deps/espruino/libs/compression/heatshrink/heatshrink_encoder.c.obj
[1087/1147] Building C object esp-idf/main/CMakeFiles/__idf_main.dir/REDACTED_BUILD_ROOT/espruino-hyperdht/deps/espruino/gen/jswrapper.c.obj
[1088/1147] Building C object esp-idf/main/CMakeFiles/__idf_main.dir/REDACTED_BUILD_ROOT/espruino-hyperdht/deps/espruino/libs/network/js/network_js.c.obj
[1089/1147] Building C object esp-idf/main/CMakeFiles/__idf_main.dir/REDACTED_BUILD_ROOT/espruino-hyperdht/deps/espruino/libs/network/esp32/network_esp32.c.obj
[1090/1147] Building C object esp-idf/main/CMakeFiles/__idf_main.dir/REDACTED_BUILD_ROOT/espruino-hyperdht/deps/espruino/targets/esp32/jshardwarePWM.c.obj
[1091/1147] Building C object esp-idf/main/CMakeFiles/__idf_main.dir/REDACTED_BUILD_ROOT/espruino-hyperdht/deps/espruino/targets/esp32/jshardwareAnalog.c.obj
In file included from /REDACTED_BUILD_ROOT/espruino-hyperdht/deps/espruino/targets/esp32/jshardwareAnalog.c:18:
/REDACTED_BUILD_ROOT/esp-idf/components/driver/deprecated/driver/adc.h:19:2: warning: #warning "legacy adc driver is deprecated, please migrate to use esp_adc/adc_oneshot.h and esp_adc/adc_continuous.h for oneshot mode and continuous mode drivers respectively" [-Wcpp]
   19 | #warning "legacy adc driver is deprecated, please migrate to use esp_adc/adc_oneshot.h and esp_adc/adc_continuous.h for oneshot mode and continuous mode drivers respectively"
      |  ^~~~~~~
/REDACTED_BUILD_ROOT/espruino-hyperdht/deps/espruino/targets/esp32/jshardwareAnalog.c: In function 'rangeToAdcAtten':
/REDACTED_BUILD_ROOT/espruino-hyperdht/deps/espruino/targets/esp32/jshardwareAnalog.c:75:9: warning: 'ADC_ATTEN_DB_11' is deprecated [-Wdeprecated-declarations]
   75 |         case 3600: atten = ADC_ATTEN_DB_11; break;
      |         ^~~~
In file included from /REDACTED_BUILD_ROOT/esp-idf/components/driver/deprecated/driver/adc_types_legacy.h:8,
                 from /REDACTED_BUILD_ROOT/esp-idf/components/driver/deprecated/driver/adc.h:15:
/REDACTED_BUILD_ROOT/esp-idf/components/hal/include/hal/adc_types.h:51:5: note: declared here
   51 |     ADC_ATTEN_DB_11 __attribute__((deprecated)) = ADC_ATTEN_DB_12,  ///<This is deprecated, it behaves the same as `ADC_ATTEN_DB_12`
      |     ^~~~~~~~~~~~~~~
/REDACTED_BUILD_ROOT/espruino-hyperdht/deps/espruino/targets/esp32/jshardwareAnalog.c:76:9: warning: 'ADC_ATTEN_DB_11' is deprecated [-Wdeprecated-declarations]
   76 |         default: atten = ADC_ATTEN_DB_11; break;
      |         ^~~~~~~
/REDACTED_BUILD_ROOT/esp-idf/components/hal/include/hal/adc_types.h:51:5: note: declared here
   51 |     ADC_ATTEN_DB_11 __attribute__((deprecated)) = ADC_ATTEN_DB_12,  ///<This is deprecated, it behaves the same as `ADC_ATTEN_DB_12`
      |     ^~~~~~~~~~~~~~~
/REDACTED_BUILD_ROOT/espruino-hyperdht/deps/espruino/targets/esp32/jshardwareAnalog.c: In function 'initADC':
/REDACTED_BUILD_ROOT/espruino-hyperdht/deps/espruino/targets/esp32/jshardwareAnalog.c:119:7: warning: 'ADC_ATTEN_DB_11' is deprecated [-Wdeprecated-declarations]
  119 |       adc_channel[i] = ADC_ATTEN_DB_11;
      |       ^~~~~~~~~~~
/REDACTED_BUILD_ROOT/esp-idf/components/hal/include/hal/adc_types.h:51:5: note: declared here
   51 |     ADC_ATTEN_DB_11 __attribute__((deprecated)) = ADC_ATTEN_DB_12,  ///<This is deprecated, it behaves the same as `ADC_ATTEN_DB_12`
      |     ^~~~~~~~~~~~~~~
/REDACTED_BUILD_ROOT/espruino-hyperdht/deps/espruino/targets/esp32/jshardwareAnalog.c: In function 'writeDAC':
/REDACTED_BUILD_ROOT/espruino-hyperdht/deps/espruino/targets/esp32/jshardwareAnalog.c:168:12: warning: comparison is always false due to limited range of data type [-Wtype-limits]
  168 |   if(value > 255){
      |            ^
[1092/1147] Building C object esp-idf/main/CMakeFiles/__idf_main.dir/REDACTED_BUILD_ROOT/espruino-hyperdht/deps/espruino/targets/esp32/jshardwareUart.c.obj
[1093/1147] Building C object esp-idf/main/CMakeFiles/__idf_main.dir/REDACTED_BUILD_ROOT/espruino-hyperdht/deps/espruino/targets/esp32/jshardwareI2c.c.obj
[1094/1147] Building C object esp-idf/main/CMakeFiles/__idf_main.dir/REDACTED_BUILD_ROOT/espruino-hyperdht/deps/espruino/targets/esp32/jshardwareSpi.c.obj
/REDACTED_BUILD_ROOT/espruino-hyperdht/deps/espruino/targets/esp32/jshardwareSpi.c: In function 'jshSPISendMany':
/REDACTED_BUILD_ROOT/espruino-hyperdht/deps/espruino/targets/esp32/jshardwareSpi.c:195:12: warning: passing argument 1 of 'memset' discards 'volatile' qualifier from pointer target type [-Wdiscarded-qualifiers]
  195 |     memset(&spi_trans, 0, sizeof(spi_trans));
      |            ^~~~~~~~~~
In file included from /REDACTED_BUILD_ROOT/espruino-hyperdht/deps/espruino/src/jsutils.h:22,
                 from /REDACTED_BUILD_ROOT/espruino-hyperdht/deps/espruino/src/jspin.h:21,
                 from /REDACTED_BUILD_ROOT/espruino-hyperdht/deps/espruino/gen/jspininfo.h:7,
                 from /REDACTED_BUILD_ROOT/espruino-hyperdht/deps/espruino/targets/esp32/jshardwareSpi.c:31:
/REDACTED_BUILD_ROOT/idf-tools/tools/riscv32-esp-elf/esp-14.2.0_20241119/riscv32-esp-elf/riscv32-esp-elf/include/string.h:33:18: note: expected 'void *' but argument is of type 'volatile spi_transaction_t *'
   33 | void *   memset (void *, int, size_t);
      |                  ^~~~~~
/REDACTED_BUILD_ROOT/espruino-hyperdht/deps/espruino/targets/esp32/jshardwareSpi.c:199:54: warning: passing argument 2 of 'spi_device_transmit' discards 'volatile' qualifier from pointer target type [-Wdiscarded-qualifiers]
  199 |     spi_device_transmit(SPIChannels[channelPnt].spi, &spi_trans); // blocking
      |                                                      ^~~~~~~~~~
In file included from /REDACTED_BUILD_ROOT/espruino-hyperdht/deps/espruino/targets/esp32/jshardwareSpi.h:21,
                 from /REDACTED_BUILD_ROOT/espruino-hyperdht/deps/espruino/targets/esp32/jshardwareSpi.c:34:
/REDACTED_BUILD_ROOT/esp-idf/components/esp_driver_spi/include/driver/spi_master.h:262:78: note: expected 'spi_transaction_t *' but argument is of type 'volatile spi_transaction_t *'
  262 | esp_err_t spi_device_transmit(spi_device_handle_t handle, spi_transaction_t *trans_desc);
      |                                                           ~~~~~~~~~~~~~~~~~~~^~~~~~~~~~
[1095/1147] Building C object esp-idf/main/CMakeFiles/__idf_main.dir/REDACTED_BUILD_ROOT/espruino-hyperdht/deps/espruino/src/jsinteractive.c.obj
[1096/1147] Building C object esp-idf/main/CMakeFiles/__idf_main.dir/REDACTED_BUILD_ROOT/espruino-hyperdht/deps/espruino/targets/esp32/jshardwarePulse.c.obj
[1097/1147] Building C object esp-idf/main/CMakeFiles/__idf_main.dir/REDACTED_BUILD_ROOT/espruino-hyperdht/deps/espruino/libs/network/socketserver.c.obj
[1098/1147] Building C object esp-idf/main/CMakeFiles/__idf_main.dir/REDACTED_BUILD_ROOT/espruino-hyperdht/deps/espruino/gen/jspininfo.c.obj
[1099/1147] Building C object esp-idf/main/CMakeFiles/__idf_main.dir/REDACTED_BUILD_ROOT/espruino-hyperdht/deps/espruino/targets/esp32/jshardwareESP32.c.obj
[1100/1147] Building C object esp-idf/main/CMakeFiles/__idf_main.dir/REDACTED_BUILD_ROOT/espruino-hyperdht/deps/espruino/libs/hyperdht/jswrap_hyperdht.c.obj
[1101/1147] Building C object esp-idf/main/CMakeFiles/__idf_main.dir/REDACTED_BUILD_ROOT/espruino-hyperdht/deps/espruino/targets/esp32/main.c.obj
[1102/1147] Building C object esp-idf/main/CMakeFiles/__idf_main.dir/REDACTED_BUILD_ROOT/espruino-hyperdht/deps/espruino/targets/esp32/rtosutil.c.obj
In file included from /REDACTED_BUILD_ROOT/espruino-hyperdht/deps/espruino/targets/esp32/rtosutil.c:18:
/REDACTED_BUILD_ROOT/esp-idf/components/driver/deprecated/driver/timer.h:16:2: warning: #warning "legacy timer group driver is deprecated, please migrate to driver/gptimer.h" [-Wcpp]
   16 | #warning "legacy timer group driver is deprecated, please migrate to driver/gptimer.h"
      |  ^~~~~~~
/REDACTED_BUILD_ROOT/espruino-hyperdht/deps/espruino/targets/esp32/rtosutil.c:52:11: warning: "TIMER_FINE_ADJ" redefined
   52 |   #define TIMER_FINE_ADJ   (((14ULL * (uint64_t)esp_clk_apb_freq()) + (10ULL * TIMER_DIVIDER * 1000000ULL) - 1) / (10ULL * TIMER_DIVIDER * 1000000ULL))
      |           ^~~~~~~~~~~~~~
/REDACTED_BUILD_ROOT/espruino-hyperdht/deps/espruino/targets/esp32/rtosutil.c:32:9: note: this is the location of the previous definition
   32 | #define TIMER_FINE_ADJ   (((14ULL * (uint64_t)TIMER_BASE_CLK) + (10ULL * TIMER_DIVIDER * 1000000ULL) - 1) / (10ULL * TIMER_DIVIDER * 1000000ULL))
      |         ^~~~~~~~~~~~~~
[1103/1147] Building C object esp-idf/main/CMakeFiles/__idf_main.dir/REDACTED_BUILD_ROOT/espruino-hyperdht/deps/espruino/src/jswrap_dataview.c.obj
[1104/1147] Building C object esp-idf/main/CMakeFiles/__idf_main.dir/REDACTED_BUILD_ROOT/espruino-hyperdht/deps/espruino/src/jsparse.c.obj
[1105/1147] Building C object esp-idf/main/CMakeFiles/__idf_main.dir/REDACTED_BUILD_ROOT/espruino-hyperdht/deps/espruino/targets/esp32/jshardware.c.obj
In file included from /REDACTED_BUILD_ROOT/espruino-hyperdht/deps/espruino/targets/esp32/jshardware.c:38:
/REDACTED_BUILD_ROOT/esp-idf/components/driver/deprecated/driver/timer.h:16:2: warning: #warning "legacy timer group driver is deprecated, please migrate to driver/gptimer.h" [-Wcpp]
   16 | #warning "legacy timer group driver is deprecated, please migrate to driver/gptimer.h"
      |  ^~~~~~~
[1106/1147] Building C object esp-idf/main/CMakeFiles/__idf_main.dir/REDACTED_BUILD_ROOT/espruino-hyperdht/deps/espruino/src/jswrap_error.c.obj
[1107/1147] Building C object esp-idf/main/CMakeFiles/__idf_main.dir/REDACTED_BUILD_ROOT/espruino-hyperdht/deps/espruino/src/jswrap_arraybuffer.c.obj
[1108/1147] Building C object esp-idf/main/CMakeFiles/__idf_main.dir/REDACTED_BUILD_ROOT/espruino-hyperdht/deps/espruino/src/jswrap_array.c.obj
[1109/1147] Building C object esp-idf/main/CMakeFiles/__idf_main.dir/REDACTED_BUILD_ROOT/espruino-hyperdht/deps/espruino/src/jswrap_number.c.obj
[1110/1147] Building C object esp-idf/main/CMakeFiles/__idf_main.dir/REDACTED_BUILD_ROOT/espruino-hyperdht/deps/espruino/src/jswrap_functions.c.obj
[1111/1147] Building C object esp-idf/main/CMakeFiles/__idf_main.dir/REDACTED_BUILD_ROOT/espruino-hyperdht/deps/espruino/src/jswrap_regexp.c.obj
[1112/1147] Building C object esp-idf/main/CMakeFiles/__idf_main.dir/REDACTED_BUILD_ROOT/espruino-hyperdht/deps/espruino/src/jswrap_modules.c.obj
[1113/1147] Building C object esp-idf/main/CMakeFiles/__idf_main.dir/REDACTED_BUILD_ROOT/espruino-hyperdht/deps/espruino/src/jswrap_math.c.obj
[1114/1147] Building C object esp-idf/main/CMakeFiles/__idf_main.dir/REDACTED_BUILD_ROOT/espruino-hyperdht/deps/espruino/src/jswrap_flash.c.obj
[1115/1147] Building C object esp-idf/main/CMakeFiles/__idf_main.dir/REDACTED_BUILD_ROOT/espruino-hyperdht/deps/espruino/src/jswrap_date.c.obj
[1116/1147] Building C object esp-idf/main/CMakeFiles/__idf_main.dir/REDACTED_BUILD_ROOT/espruino-hyperdht/deps/espruino/src/jswrap_string.c.obj
[1117/1147] Building C object esp-idf/main/CMakeFiles/__idf_main.dir/REDACTED_BUILD_ROOT/espruino-hyperdht/deps/espruino/src/jswrap_object.c.obj
[1118/1147] Building C object esp-idf/main/CMakeFiles/__idf_main.dir/REDACTED_BUILD_ROOT/espruino-hyperdht/deps/espruino/src/jswrap_timer.c.obj
[1119/1147] Building C object esp-idf/main/CMakeFiles/__idf_main.dir/REDACTED_BUILD_ROOT/espruino-hyperdht/deps/espruino/src/jswrap_pin.c.obj
[1120/1147] Building C object esp-idf/main/CMakeFiles/__idf_main.dir/REDACTED_BUILD_ROOT/espruino-hyperdht/deps/espruino/src/jswrap_interactive.c.obj
[1121/1147] Building C object esp-idf/main/CMakeFiles/__idf_main.dir/REDACTED_BUILD_ROOT/espruino-hyperdht/deps/espruino/src/jswrap_process.c.obj
[1122/1147] Building C object esp-idf/main/CMakeFiles/__idf_main.dir/REDACTED_BUILD_ROOT/espruino-hyperdht/deps/espruino/src/jswrap_io.c.obj
[1123/1147] Building C object esp-idf/main/CMakeFiles/__idf_main.dir/REDACTED_BUILD_ROOT/espruino-hyperdht/deps/espruino/src/jswrap_pipe.c.obj
[1124/1147] Building C object esp-idf/main/CMakeFiles/__idf_main.dir/REDACTED_BUILD_ROOT/espruino-hyperdht/deps/espruino/src/jswrap_json.c.obj
[1125/1147] Building C object esp-idf/main/CMakeFiles/__idf_main.dir/REDACTED_BUILD_ROOT/espruino-hyperdht/deps/espruino/src/jswrap_espruino.c.obj
[1126/1147] Building C object esp-idf/main/CMakeFiles/__idf_main.dir/REDACTED_BUILD_ROOT/espruino-hyperdht/deps/espruino/src/jswrap_serial.c.obj
[1127/1147] Building C object esp-idf/main/CMakeFiles/__idf_main.dir/REDACTED_BUILD_ROOT/espruino-hyperdht/deps/espruino/src/jswrap_promise.c.obj
[1128/1147] Building C object esp-idf/main/CMakeFiles/__idf_main.dir/REDACTED_BUILD_ROOT/espruino-hyperdht/deps/espruino/src/jswrap_stepper.c.obj
[1129/1147] Building C object esp-idf/main/CMakeFiles/__idf_main.dir/REDACTED_BUILD_ROOT/espruino-hyperdht/deps/espruino/src/jswrap_onewire.c.obj
[1130/1147] Building C object esp-idf/main/CMakeFiles/__idf_main.dir/REDACTED_BUILD_ROOT/espruino-hyperdht/deps/espruino/src/jswrap_storage.c.obj
[1131/1147] Building C object esp-idf/main/CMakeFiles/__idf_main.dir/REDACTED_BUILD_ROOT/espruino-hyperdht/deps/espruino/libs/compression/jswrap_heatshrink.c.obj
[1132/1147] Building C object esp-idf/main/CMakeFiles/__idf_main.dir/REDACTED_BUILD_ROOT/espruino-hyperdht/deps/espruino/src/jswrap_stream.c.obj
[1133/1147] Building C object esp-idf/main/CMakeFiles/__idf_main.dir/REDACTED_BUILD_ROOT/espruino-hyperdht/deps/espruino/libs/network/jswrap_wifi.c.obj
[1134/1147] Building C object esp-idf/main/CMakeFiles/__idf_main.dir/REDACTED_BUILD_ROOT/espruino-hyperdht/deps/espruino/src/jswrap_spi_i2c.c.obj
[1135/1147] Building C object esp-idf/main/CMakeFiles/__idf_main.dir/REDACTED_BUILD_ROOT/espruino-hyperdht/deps/espruino/src/jsvar.c.obj
/REDACTED_BUILD_ROOT/espruino-hyperdht/deps/espruino/src/jsvar.c: In function 'jsvNewNativeString':
/REDACTED_BUILD_ROOT/espruino-hyperdht/deps/espruino/src/jsvar.c:1243:11: warning: comparison between pointer and integer
 1243 |   if (ptr >= FLASH_START && (ptr < FLASH_START+FLASH_TOTAL))
      |           ^~
/REDACTED_BUILD_ROOT/espruino-hyperdht/deps/espruino/src/jsvar.c:1243:34: warning: comparison between pointer and integer
 1243 |   if (ptr >= FLASH_START && (ptr < FLASH_START+FLASH_TOTAL))
      |                                  ^
/REDACTED_BUILD_ROOT/espruino-hyperdht/deps/espruino/src/jsvar.c: In function 'jsvNewFromStringVar':
/REDACTED_BUILD_ROOT/espruino-hyperdht/deps/espruino/src/jsvar.c:2037:50: warning: passing argument 1 of 'jsvNewFlatStringFromStringVar' discards 'const' qualifier from pointer target type [-Wdiscarded-qualifiers]
 2037 |       JsVar *var = jsvNewFlatStringFromStringVar(str, stridx, length);
      |                                                  ^~~
/REDACTED_BUILD_ROOT/espruino-hyperdht/deps/espruino/src/jsvar.c:1982:45: note: expected 'JsVar *' {aka 'struct JsVarStruct *'} but argument is of type 'const JsVar *' {aka 'const struct JsVarStruct *'}
 1982 | JsVar *jsvNewFlatStringFromStringVar(JsVar *var, size_t stridx, size_t maxLength) {
      |                                      ~~~~~~~^~~
[1136/1147] Building C object esp-idf/main/CMakeFiles/__idf_main.dir/REDACTED_BUILD_ROOT/espruino-hyperdht/deps/espruino/src/jswrap_waveform.c.obj
[1137/1147] Building C object esp-idf/main/CMakeFiles/__idf_main.dir/REDACTED_BUILD_ROOT/espruino-hyperdht/deps/espruino/libs/network/http/jswrap_http.c.obj
[1138/1147] Building C object esp-idf/main/CMakeFiles/__idf_main.dir/REDACTED_BUILD_ROOT/espruino-hyperdht/deps/espruino/libs/network/jswrap_net.c.obj
[1139/1147] Building C object esp-idf/main/CMakeFiles/__idf_main.dir/REDACTED_BUILD_ROOT/espruino-hyperdht/deps/espruino/libs/network/js/jswrap_jsnetwork.c.obj
[1140/1147] Building C object esp-idf/main/CMakeFiles/__idf_main.dir/REDACTED_BUILD_ROOT/espruino-hyperdht/deps/espruino/targets/esp32/jswrap_esp32.c.obj
[1141/1147] Building C object esp-idf/main/CMakeFiles/__idf_main.dir/REDACTED_BUILD_ROOT/espruino-hyperdht/deps/espruino/libs/network/esp32/jswrap_esp32_network.c.obj
In file included from /REDACTED_BUILD_ROOT/espruino-hyperdht/deps/espruino/libs/network/esp32/jswrap_esp32_network.c:25:
/REDACTED_BUILD_ROOT/esp-idf/components/esp_event/include/esp_event_loop.h:9:2: warning: #warning "esp_event_loop.h is deprecated, please include esp_event.h instead" [-Wcpp]
    9 | #warning "esp_event_loop.h is deprecated, please include esp_event.h instead"
      |  ^~~~~~~
/REDACTED_BUILD_ROOT/espruino-hyperdht/deps/espruino/libs/network/esp32/jswrap_esp32_network.c: In function 'jswrap_wifi_setSNTP':
/REDACTED_BUILD_ROOT/espruino-hyperdht/deps/espruino/libs/network/esp32/jswrap_esp32_network.c:1783:3: warning: 'sntp_setoperatingmode' is deprecated: use esp_sntp_setoperatingmode() instead [-Wdeprecated-declarations]
 1783 |   sntp_setoperatingmode(SNTP_OPMODE_POLL);
      |   ^~~~~~~~~~~~~~~~~~~~~
In file included from /REDACTED_BUILD_ROOT/espruino-hyperdht/deps/espruino/libs/network/esp32/jswrap_esp32_network.c:33:
/REDACTED_BUILD_ROOT/esp-idf/components/lwip/include/apps/esp_sntp.h:249:6: note: declared here
  249 | void sntp_setoperatingmode(u8_t operating_mode)
      |      ^~~~~~~~~~~~~~~~~~~~~
/REDACTED_BUILD_ROOT/espruino-hyperdht/deps/espruino/libs/network/esp32/jswrap_esp32_network.c:1784:3: warning: 'sntp_setservername' is deprecated: use esp_sntp_setservername() instead [-Wdeprecated-declarations]
 1784 |   sntp_setservername(0, server);
      |   ^~~~~~~~~~~~~~~~~~
/REDACTED_BUILD_ROOT/esp-idf/components/lwip/include/apps/esp_sntp.h:263:6: note: declared here
  263 | void sntp_setservername(u8_t idx, const char *server)
      |      ^~~~~~~~~~~~~~~~~~
/REDACTED_BUILD_ROOT/espruino-hyperdht/deps/espruino/libs/network/esp32/jswrap_esp32_network.c:1785:3: warning: 'sntp_init' is deprecated: use esp_sntp_init() instead [-Wdeprecated-declarations]
 1785 |   sntp_init();
      |   ^~~~~~~~~
/REDACTED_BUILD_ROOT/esp-idf/components/lwip/include/apps/esp_sntp.h:269:6: note: declared here
  269 | void sntp_init(void)
      |      ^~~~~~~~~
[1142/1147] Linking C static library esp-idf/main/libmain.a
[1143/1147] Generating esp-idf/esp_system/ld/sections.ld
[1144/1147] Building C object CMakeFiles/espruino.elf.dir/project_elf_src_esp32c6.c.obj
[1145/1147] Linking CXX executable espruino.elf
[1146/1147] Generating binary image from built executable
esptool.py v4.12.0
Creating esp32c6 image...
Merged 2 ELF sections
Successfully created esp32c6 image.
Generated /REDACTED_BUILD_ROOT/espruino-hyperdht/deps/espruino/bin/build/espruino.bin
[1147/1147] cd /REDACTED_BUILD_ROOT/espruino-hyperdht/deps/espruino/bin/build/esp-idf/esptool_py && /REDACTED_BUILD_ROOT/idf-tools/python_env/idf5.5_py3.12_env/bin/python /REDACTED_BUILD_ROOT/esp-idf/components/partition_table/check_sizes.py --offset 0x8000 partition --type app /REDACTED_BUILD_ROOT/espruino-hyperdht/deps/espruino/bin/build/partition_table/partition-table.bin /REDACTED_BUILD_ROOT/espruino-hyperdht/deps/espruino/bin/build/espruino.bin
espruino.bin binary size 0x14f8d0 bytes. Smallest app partition is 0x300000 bytes. 0x1b0730 bytes (56%) free.

Project build complete. To flash, run:
 idf.py flash
or
 idf.py -p PORT flash
or
 python -m esptool --chip esp32c6 -b 460800 --before default_reset --after hard_reset write_flash --flash_mode dio --flash_size 4MB --flash_freq 80m 0x0 build/bootloader/bootloader.bin 0x8000 build/partition_table/partition-table.bin 0x10000 build/espruino.bin
or from the "/REDACTED_BUILD_ROOT/espruino-hyperdht/deps/espruino/bin/build" directory
 python -m esptool --chip esp32c6 -b 460800 --before default_reset --after hard_reset write_flash "@flash_args"
Created bin/espruino_sensor.tgz
Adding "merge-bin"'s dependency "all" to list of commands with default set of options.
Executing action: all (aliases: build)
Running ninja in directory /REDACTED_BUILD_ROOT/espruino-hyperdht/deps/espruino/bin/build
Executing "ninja all"...
[1/4] cd /REDACTED_BUILD_ROOT/espruino-hyperdht/deps/espruino/bin/build/esp-idf/esptool_py && /REDACTED_BUILD_ROOT/idf-tools/python_env/idf5.5_py3.12_env/bin/python /REDACTED_BUILD_ROOT/esp-idf/components/partition_table/check_sizes.py --offset 0x8000 partition --type app /REDACTED_BUILD_ROOT/espruino-hyperdht/deps/espruino/bin/build/partition_table/partition-table.bin /REDACTED_BUILD_ROOT/espruino-hyperdht/deps/espruino/bin/build/espruino.bin
espruino.bin binary size 0x14f8d0 bytes. Smallest app partition is 0x300000 bytes. 0x1b0730 bytes (56%) free.
[2/4] Performing build step for 'bootloader'
[1/1] cd /REDACTED_BUILD_ROOT/espruino-hyperdht/deps/espruino/bin/build/bootloader/esp-idf/esptool_py && /REDACTED_BUILD_ROOT/idf-tools/python_env/idf5.5_py3.12_env/bin/python /REDACTED_BUILD_ROOT/esp-idf/components/partition_table/check_sizes.py --offset 0x8000 bootloader 0x0 /REDACTED_BUILD_ROOT/espruino-hyperdht/deps/espruino/bin/build/bootloader/bootloader.bin
Bootloader binary size 0x4dd0 bytes. 0x3230 bytes (39%) free.
[3/4] No install step for 'bootloader'
[4/4] Completed 'bootloader'
Executing action: merge-bin
Merged binary merged-binary.bin will be created in the build directory...
Running merge_bin in directory /REDACTED_BUILD_ROOT/espruino-hyperdht/deps/espruino/bin/build
Executing "/REDACTED_BUILD_ROOT/idf-tools/python_env/idf5.5_py3.12_env/bin/python -m esptool --chip esp32c6 merge_bin -o merged-binary.bin -f raw @flash_args"...
esptool.py --chip esp32c6 merge_bin -o merged-binary.bin -f raw --flash_mode dio --flash_freq 80m --flash_size 4MB 0x0 bootloader/bootloader.bin 0x10000 espruino.bin 0x8000 partition_table/partition-table.bin
esptool.py v4.12.0
SHA digest in image updated
Wrote 0x15f8d0 bytes to file merged-binary.bin, ready to flash to offset 0x0

Project build complete. To flash, run:
 idf.py flash
or
 idf.py -p PORT flash
or
 python -m esptool --chip esp32c6 -b 460800 --before default_reset --after hard_reset write_flash --flash_mode dio --flash_size 4MB --flash_freq 80m 0x0 deps/espruino/bin/build/bootloader/bootloader.bin 0x8000 deps/espruino/bin/build/partition_table/partition-table.bin 0x10000 deps/espruino/bin/build/espruino.bin
or from the "/REDACTED_BUILD_ROOT/espruino-hyperdht/deps/espruino/bin/build" directory
 python -m esptool --chip esp32c6 -b 460800 --before default_reset --after hard_reset write_flash "@flash_args"
Exported firmware to /REDACTED_BUILD_ROOT/artifacts
